timestamp,accel_x,accel_y,accel_z,gyro_x,gyro_y,gyro_z
0,232,-2008,-88,42,-6,-3
5,248,-1984,-80,43,-4,-4
10,248,-1968,-104,45,-1,-4
15,232,-1976,-128,46,-1,-2
20,256,-1976,-80,48,1,-2
25,240,-1960,-96,50,4,-4
30,248,-1952,-96,51,5,-2
35,224,-1960,-80,51,6,-1
40,224,-1968,-112,52,7,-1
45,240,-1976,-96,53,7,-3
50,232,-1984,-104,54,6,-4
55,232,-1960,-80,54,6,-4
60,216,-1944,-88,53,6,-3
65,248,-1936,-96,55,5,-1
70,240,-2000,-80,55,3,-1
75,256,-1960,-64,53,1,-1
80,208,-1960,-72,50,1,-2
85,264,-1992,-88,51,1,-3
90,224,-1960,-72,49,2,-7
95,232,-1992,-88,48,1,-7
100,224,-1944,-64,47,1,-9
105,232,-1944,-112,47,1,-7
110,256,-1944,-104,46,-1,-5
115,232,-1952,-96,47,-2,-2
120,232,-1968,-64,49,-1,-3
125,232,-1960,-64,47,-1,-1
130,288,-1936,-104,47,-1,1
135,248,-1960,-88,43,-1,0
140,240,-1944,-80,39,-1,0
145,224,-1936,-72,35,-4,-1
150,240,-1968,-56,30,-5,-3
155,232,-1936,-96,27,-7,-3
160,224,-1944,-112,26,-8,-3
165,240,-1928,-80,26,-10,-5
170,224,-1928,-104,24,-10,-6
175,264,-1944,-72,21,-12,-5
180,232,-1928,-120,18,-10,-5
185,216,-1944,-96,15,-11,-5
190,256,-1952,-80,11,-10,-3
195,264,-1960,-72,6,-11,-1
200,280,-1952,-96,1,-9,1
205,296,-1960,-88,-3,-10,2
210,248,-1912,-96,-8,-11,3
215,232,-1944,-88,-10,-12,5
220,240,-1928,-104,-13,-14,7
225,248,-1968,-80,-14,-14,8
230,248,-1960,-72,-19,-17,9
235,248,-1968,-104,-24,-20,9
240,216,-1928,-120,-28,-21,10
245,232,-1960,-112,-33,-22,10
250,240,-1960,-96,-37,-22,10
255,224,-1960,-80,-41,-23,11
260,240,-1960,-104,-46,-23,13
265,264,-1928,-96,-50,-22,14
270,264,-1960,-80,-54,-22,16
275,264,-1944,-112,-58,-22,18
280,240,-1928,-80,-64,-21,18
285,264,-1968,-120,-71,-24,17
290,264,-1944,-96,-77,-24,17
295,272,-1984,-152,-83,-26,16
300,272,-1928,-128,-92,-28,18
305,272,-1912,-104,-97,-30,17
310,264,-1960,-96,-102,-30,14
315,272,-1952,-120,-105,-31,11
320,248,-1952,-128,-110,-32,10
325,272,-1960,-96,-111,-32,8
330,264,-1936,-112,-120,-32,10
335,264,-1944,-80,-127,-34,13
340,248,-1952,-120,-127,-35,15
345,240,-1936,-128,-127,-34,16
350,208,-1968,-72,-124,-36,16
355,248,-1928,-120,-123,-37,17
360,240,-1976,-144,-119,-38,18
365,256,-1984,-152,-115,-39,17
370,232,-1976,-96,-116,-39,15
375,240,-1984,-120,-114,-41,14
380,232,-1984,-160,-113,-40,12
385,224,-1952,-160,-116,-39,8
390,224,-1960,-104,-121,-40,9
395,248,-1976,-104,-124,-42,7
400,216,-1936,-112,-126,-43,7
405,192,-1976,-64,-128,-47,8
410,184,-1960,-96,-124,-57,7
415,208,-1960,-136,-114,-65,14
420,216,-1952,-144,-117,-66,16
425,224,-1992,-136,-121,-66,20
430,232,-1968,-144,-123,-67,24
435,248,-1960,-160,-123,-73,26
440,256,-1960,-176,-121,-77,30
445,264,-1952,-208,-121,-80,33
450,264,-1952,-160,-118,-85,35
455,256,-1976,-160,-114,-88,40
460,248,-1976,-144,-110,-94,41
465,240,-1968,-144,-108,-102,44
470,240,-1992,-152,-105,-110,49
475,232,-1968,-144,-104,-116,52
480,240,-2000,-160,-102,-124,54
485,232,-1992,-152,-97,-128,56
490,200,-1984,-176,-96,-133,59
495,208,-1984,-208,-95,-138,63
500,248,-1992,-184,-95,-143,64
505,264,-2008,-192,-97,-142,69
510,272,-2000,-192,-93,-137,66
515,280,-2008,-216,-88,-136,66
520,264,-1984,-184,-86,-129,67
525,296,-2000,-176,-80,-122,68
530,312,-1992,-192,-67,-117,69
535,304,-1968,-232,-61,-112,68
540,352,-1952,-208,-61,-105,69
545,296,-1944,-248,-58,-95,67
550,288,-1952,-208,-50,-89,67
555,328,-1952,-192,-45,-85,62
560,288,-1928,-232,-43,-82,60
565,264,-1944,-248,-41,-78,57
570,296,-1928,-224,-40,-76,56
575,296,-1984,-216,-41,-69,55
580,312,-1968,-272,-43,-64,49
585,304,-1928,-256,-44,-56,45
590,304,-1952,-248,-42,-47,43
595,320,-1984,-280,-36,-36,38
600,336,-1968,-280,-32,-24,35
605,336,-1984,-288,-28,-12,32
610,312,-1944,-272,-24,-2,31
615,352,-2000,-264,-21,12,30
620,320,-1968,-248,-16,25,29
625,328,-1928,-264,-10,36,28
630,328,-1944,-264,-5,50,29
635,328,-1936,-272,1,64,27
640,328,-1920,-272,4,75,26
645,336,-1944,-248,6,88,24
650,336,-1952,-264,9,102,25
655,328,-1912,-240,8,115,26
660,312,-1936,-296,2,129,28
665,336,-1920,-304,-5,145,27
670,368,-1920,-312,-13,160,32
675,368,-1920,-272,-22,177,36
680,368,-1920,-256,-31,192,44
685,368,-1920,-304,-38,206,48
690,352,-1952,-296,-45,220,50
695,368,-1928,-272,-48,231,51
700,392,-1952,-272,-52,247,51
705,360,-1928,-304,-54,264,51
710,360,-1984,-296,-58,279,49
715,336,-1968,-328,-60,294,50
720,320,-1936,-336,-62,306,51
725,312,-1992,-424,-66,317,51
730,304,-1968,-336,-69,326,51
735,280,-1968,-344,-69,335,53
740,248,-1960,-376,-69,344,57
745,248,-1968,-360,-67,350,61
750,232,-1928,-336,-66,358,64
755,184,-1912,-328,-66,363,67
760,168,-1896,-344,-65,365,70
765,160,-1888,-288,-66,363,72
770,96,-1888,-320,-72,362,73
775,96,-1872,-288,-78,357,74
780,48,-1808,-304,-82,351,70
785,72,-1864,-272,-85,346,71
790,48,-1872,-264,-86,338,73
795,32,-1880,-232,-82,332,70
800,72,-1928,-224,-80,328,67
805,56,-1928,-216,-78,326,66
810,88,-1944,-240,-83,322,68
815,88,-1968,-184,-96,315,75
820,104,-1976,-224,-107,306,72
825,96,-1984,-216,-116,293,63
830,64,-1976,-208,-124,280,60
835,80,-2008,-136,-125,265,61
840,16,-1984,-168,-119,256,63
845,40,-2000,-176,-107,251,66
850,72,-2024,-136,-90,253,69
855,16,-2048,-104,-69,257,71
860,64,-2112,-120,-54,263,74
865,40,-2096,-120,-41,270,76
870,88,-2152,-128,-30,282,69
875,88,-2168,-104,-21,295,62
880,64,-2128,-96,-15,308,55
885,88,-2136,-120,-15,318,50
890,128,-2144,-152,-20,326,47
895,152,-2120,-136,-26,335,45
900,152,-2136,-136,-32,340,39
905,168,-2096,-104,-37,347,32
910,136,-2072,-144,-39,353,25
915,136,-2088,-184,-41,357,21
920,112,-2056,-168,-46,356,27
925,104,-2024,-192,-50,356,37
930,56,-1960,-208,-48,354,45
935,32,-1976,-256,-45,351,51
940,32,-1920,-224,-40,346,61
945,16,-1960,-216,-38,338,72
950,-8,-1920,-192,-32,331,78
955,-8,-1928,-208,-29,322,87
960,8,-1904,-192,-31,311,94
965,-8,-1888,-192,-33,301,99
970,16,-1928,-208,-37,289,104
975,56,-1936,-224,-41,275,106
980,24,-1928,-232,-49,257,110
985,48,-1952,-208,-58,240,111
990,48,-1936,-208,-65,228,109
995,48,-1904,-192,-68,217,106
1000,32,-1912,-192,-70,206,103
1005,32,-1888,-240,-71,198,100
1010,48,-1904,-248,-73,193,95
1015,48,-1896,-264,-76,189,92
1020,64,-1888,-256,-79,187,86
1025,80,-1872,-232,-81,187,82
1030,48,-1864,-200,-80,186,78
1035,96,-1840,-224,-79,189,78
1040,96,-1872,-208,-75,194,76
1045,88,-1840,-208,-71,202,72
1050,88,-1896,-200,-69,210,71
1055,136,-1904,-200,-66,217,66
1060,136,-1896,-168,-62,224,62
1065,120,-1904,-176,-58,232,56
1070,136,-1928,-200,-54,238,50
1075,128,-1928,-176,-51,243,42
1080,128,-1936,-184,-49,246,38
1085,136,-1928,-160,-47,249,32
1090,136,-1968,-168,-46,255,26
1095,144,-1960,-136,-45,261,20
1100,136,-1976,-160,-45,269,14
1105,112,-1960,-176,-45,276,12
1110,112,-1936,-168,-48,284,9
1115,200,-1920,-128,-53,295,7
1120,120,-1928,-144,-53,309,-2
1125,120,-1960,-160,-52,318,-2
1130,120,-1912,-144,-57,322,-3
1135,128,-1936,-184,-64,329,-3
1140,120,-1936,-120,-68,335,-4
1145,104,-1944,-136,-71,336,-8
1150,128,-1912,-128,-72,337,-16
1155,136,-1936,-160,-71,342,-19
1160,88,-1936,-144,-69,344,-25
1165,136,-1952,-144,-70,347,-28
1170,128,-1976,-88,-71,350,-30
1175,112,-1984,-120,-69,356,-30
1180,120,-1992,-120,-67,360,-31
1185,128,-2008,-120,-64,368,-34
1190,144,-2008,-96,-57,376,-37
1195,128,-2024,-72,-50,385,-35
1200,160,-2048,-88,-42,392,-38
1205,176,-2048,-72,-36,397,-42
1210,136,-2032,-88,-29,403,-44
1215,144,-2040,-80,-23,405,-48
1220,152,-2056,-64,-16,408,-49
1225,184,-2064,-96,-6,411,-50
1230,168,-2072,-96,3,416,-50
1235,160,-2072,-104,12,422,-51
1240,144,-2080,-64,21,427,-53
1245,128,-2072,-112,31,434,-54
1250,160,-2080,-64,38,440,-54
1255,168,-2120,-88,46,439,-54
1260,80,-2096,-88,49,436,-52
1265,120,-2120,-160,49,430,-48
1270,80,-2136,-104,51,422,-45
1275,72,-2136,-88,55,415,-38
1280,56,-2152,-128,61,409,-28
1285,48,-2176,-144,67,404,-15
1290,56,-2184,-160,70,396,-6
1295,32,-2192,-168,67,384,8
1300,-16,-2256,-184,63,370,23
1305,16,-2280,-200,58,359,41
1310,0,-2328,-192,59,354,57
1315,16,-2392,-216,67,358,76
1320,64,-2480,-192,86,369,96
1325,64,-2464,-168,115,386,113
1330,104,-2512,-144,148,402,128
1335,136,-2504,-128,185,416,138
1340,184,-2472,-96,215,421,144
1345,208,-2432,-168,237,421,146
1350,200,-2384,-176,245,414,141
1355,216,-2288,-192,243,403,131
1360,192,-2192,-240,237,393,121
1365,208,-2136,-232,233,382,104
1370,152,-2056,-240,236,377,91
1375,160,-2040,-232,242,375,73
1380,184,-1992,-208,254,376,59
1385,128,-1968,-200,267,379,46
1390,136,-1936,-184,280,383,32
1395,144,-1936,-192,293,390,22
1400,128,-1920,-192,307,402,13
1405,112,-1904,-240,317,417,6
1410,112,-1936,-272,321,432,4
1415,88,-1960,-264,318,445,2
1420,96,-1936,-288,316,458,3
1425,128,-1928,-312,312,469,0
1430,160,-1992,-296,309,478,3
1435,136,-1968,-280,309,483,3
1440,200,-1968,-328,306,487,4
1445,208,-1976,-352,303,491,4
1450,248,-1976,-368,300,493,0
1455,240,-1944,-440,295,498,-3
1460,272,-1904,-440,288,504,-5
1465,296,-1888,-472,283,508,-6
1470,288,-1832,-472,281,511,-4
1475,288,-1824,-496,278,513,-3
1480,280,-1744,-520,274,512,-2
1485,256,-1704,-544,272,511,2
1490,296,-1704,-536,269,506,6
1495,256,-1672,-496,268,500,9
1500,264,-1672,-488,262,493,13
1505,264,-1648,-520,254,486,16
1510,232,-1632,-512,245,480,20
1515,248,-1664,-504,235,477,23
1520,240,-1648,-536,222,475,24
1525,216,-1640,-504,206,470,20
1530,248,-1672,-528,193,466,19
1535,288,-1696,-520,176,461,14
1540,232,-1680,-528,162,455,8
1545,272,-1736,-512,148,449,1
1550,280,-1792,-496,133,442,-4
1555,288,-1840,-512,117,434,-10
1560,296,-1896,-496,99,422,-14
1565,264,-1880,-472,83,411,-17
1570,312,-1912,-472,69,400,-22
1575,296,-1952,-472,58,390,-25
1580,280,-1944,-440,49,383,-29
1585,336,-1936,-448,42,375,-32
1590,296,-1992,-400,38,373,-37
1595,312,-1976,-392,37,370,-43
1600,336,-1960,-392,40,369,-49
1605,312,-1968,-368,47,368,-58
1610,304,-1976,-352,53,367,-64
1615,304,-2008,-328,56,368,-72
1620,328,-2000,-344,55,366,-78
1625,272,-2008,-344,48,363,-84
1630,272,-1992,-304,37,357,-89
1635,256,-2024,-304,23,348,-95
1640,240,-2008,-320,6,340,-96
1645,216,-1968,-328,-15,333,-99
1650,224,-1944,-312,-36,327,-100
1655,208,-1928,-320,-56,325,-103
1660,232,-1872,-320,-74,324,-107
1665,248,-1864,-320,-90,323,-111
1670,288,-1840,-328,-99,325,-119
1675,288,-1832,-320,-105,326,-126
1680,288,-1776,-296,-106,325,-133
1685,320,-1792,-288,-106,326,-138
1690,344,-1792,-304,-105,327,-146
1695,360,-1792,-288,-105,325,-150
1700,352,-1776,-288,-110,321,-157
1705,344,-1792,-272,-117,316,-160
1710,360,-1816,-304,-129,312,-162
1715,328,-1808,-288,-141,307,-168
1720,304,-1800,-296,-154,305,-168
1725,328,-1832,-312,-166,304,-167
1730,288,-1808,-304,-175,304,-166
1735,288,-1808,-280,-182,305,-164
1740,248,-1784,-280,-186,306,-163
1745,280,-1768,-256,-187,304,-159
1750,352,-1808,-272,-186,304,-159
1755,352,-1800,-224,-182,307,-164
1760,320,-1808,-216,-181,316,-188
1765,344,-1800,-232,-177,318,-204
1770,304,-1848,-200,-179,312,-210
1775,280,-1832,-208,-185,301,-199
1780,272,-1872,-184,-198,287,-183
1785,288,-1856,-152,-207,273,-163
1790,328,-1864,-176,-211,262,-146
1795,320,-1872,-200,-214,253,-132
1800,288,-1848,-176,-218,248,-125
1805,288,-1928,-240,-219,241,-116
1810,328,-1920,-176,-215,233,-108
1815,312,-1936,-200,-204,221,-101
1820,312,-1968,-176,-193,208,-91
1825,304,-1976,-152,-183,192,-79
1830,312,-1976,-160,-172,182,-68
1835,344,-2000,-184,-162,174,-62
1840,360,-1992,-184,-150,171,-57
1845,360,-2016,-168,-140,165,-55
1850,360,-1960,-160,-133,158,-50
1855,360,-1960,-176,-124,148,-43
1860,352,-1936,-136,-114,137,-36
1865,344,-1912,-160,-101,126,-31
1870,344,-1896,-136,-90,114,-25
1875,352,-1864,-136,-78,102,-15
1880,344,-1880,-112,-67,88,-8
1885,360,-1904,-104,-58,75,0
1890,360,-1880,-120,-48,61,7
1895,376,-1920,-128,-40,50,11
1900,376,-1928,-104,-30,43,13
1905,352,-1960,-72,-22,38,16
1910,352,-1944,-96,-18,31,20
1915,320,-1920,-96,-14,21,27
1920,408,-1936,-80,-16,17,22
1925,432,-1944,-80,-22,20,6
1930,408,-1952,-96,-34,16,-1
1935,384,-1912,-96,-42,12,-7
1940,416,-1944,-128,-48,9,-11
1945,440,-1928,-136,-49,17,-19
1950,440,-1936,-136,-46,21,-28
1955,408,-1960,-152,-38,19,-29
1960,408,-1976,-96,-24,17,-31
1965,448,-1992,-152,-3,20,-33
1970,344,-1984,-112,20,30,-40
1975,344,-2016,-96,35,31,-36
1980,312,-2032,-96,43,24,-27
1985,312,-2048,-112,50,18,-19
1990,352,-2056,-112,58,14,-13
1995,352,-2080,-64,68,18,-17
2000,288,-2080,-64,76,23,-22
2005,264,-2096,-48,82,14,-21
2010,248,-2096,-56,88,-8,-21
2015,232,-2064,-40,100,-34,-17
2020,240,-2040,-40,113,-60,-17
2025,248,-2056,-16,126,-83,-17
2030,256,-2048,-8,137,-108,-17
2035,288,-2048,-8,146,-130,-10
2040,304,-2048,-32,148,-153,-3
2045,336,-2056,-40,148,-174,-1
2050,360,-2088,-32,144,-195,-4
2055,392,-2160,-56,141,-212,-6
2060,416,-2192,-96,137,-227,-12
2065,440,-2264,-96,136,-239,-21
2070,472,-2304,-120,135,-248,-35
2075,488,-2320,-176,132,-251,-49
2080,536,-2376,-224,132,-251,-67
2085,584,-2392,-248,136,-245,-86
2090,624,-2376,-272,143,-228,-108
2095,656,-2384,-312,152,-197,-131
2100,672,-2368,-304,162,-154,-154
2105,656,-2304,-352,170,-105,-170
2110,664,-2232,-352,169,-57,-183
2115,696,-2216,-448,155,-9,-172
2120,736,-2192,-432,132,32,-151
2125,752,-2144,-384,118,79,-159
2130,704,-2160,-384,139,116,-188
2135,728,-2176,-352,176,135,-202
2140,712,-2128,-368,224,132,-226
2145,728,-2096,-352,253,137,-213
2150,696,-2064,-328,270,155,-176
2155,624,-2016,-288,273,179,-137
2160,544,-2024,-280,281,197,-103
2165,488,-1968,-312,281,203,-65
2170,504,-1928,-280,268,204,-15
2175,240,-1960,-328,239,205,50
2180,264,-1992,-360,222,183,111
2185,264,-1912,-288,229,181,126
2190,264,-1928,-264,241,195,136
2195,232,-1888,-288,264,198,150
2200,184,-1888,-320,281,186,154
2205,144,-1888,-320,276,181,157
2210,128,-1920,-344,268,182,158
2215,112,-1904,-392,266,179,155
2220,104,-1888,-464,264,166,145
2225,72,-1888,-536,255,144,137
2230,-24,-1904,-544,237,117,137
2235,72,-1928,-600,230,82,133
2240,48,-1840,-560,238,40,119
2245,96,-1808,-576,249,1,99
2250,104,-1736,-576,248,-28,84
2255,120,-1712,-608,244,-58,77
2260,144,-1680,-584,237,-92,73
2265,104,-1608,-592,220,-117,67
2270,80,-1600,-552,205,-135,67
2275,32,-1576,-552,197,-143,72
2280,8,-1592,-488,195,-143,81
2285,-56,-1544,-544,193,-135,88
2290,-64,-1560,-536,194,-131,101
2295,-88,-1600,-512,191,-129,104
2300,-56,-1624,-512,187,-129,105
2305,-80,-1696,-504,182,-129,99
2310,-96,-1752,-472,178,-131,98
2315,-48,-1816,-464,173,-127,100
2320,-72,-1920,-424,163,-114,108
2325,-8,-1976,-424,152,-100,122
2330,48,-2024,-432,134,-75,130
2335,136,-2088,-424,110,-48,125
2340,152,-2136,-384,90,-25,127
2345,264,-2136,-440,79,-3,130
2350,400,-2184,-384,73,24,129
2355,480,-2168,-432,67,62,117
2360,496,-2168,-416,51,112,103
2365,512,-2136,-384,38,156,103
2370,552,-2144,-360,40,186,117
2375,576,-2128,-376,47,214,123
2380,448,-2136,-312,59,236,133
2385,536,-2096,-344,107,246,181
2390,536,-2024,-408,145,272,202
2395,448,-1952,-352,145,318,198
2400,400,-1928,-280,133,360,201
2405,312,-1888,-304,127,395,214
2410,240,-1888,-264,116,427,222
2415,192,-1896,-224,112,445,227
2420,144,-1896,-248,108,457,229
2425,104,-1872,-240,101,468,227
2430,80,-1880,-192,94,481,225
2435,56,-1864,-216,85,496,219
2440,48,-1864,-208,77,510,214
2445,80,-1920,-216,69,526,209
2450,64,-1888,-192,62,538,207
2455,80,-1888,-216,55,548,203
2460,88,-1904,-168,50,551,200
2465,88,-1904,-176,48,548,201
2470,136,-1872,-216,51,536,203
2475,136,-1864,-208,45,524,196
2480,152,-1856,-192,37,513,191
2485,96,-1832,-208,35,502,191
2490,120,-1856,-184,32,491,191
2495,96,-1824,-224,27,481,188
2500,96,-1840,-192,16,479,174
2505,88,-1832,-160,-1,484,167
2510,72,-1840,-168,-4,487,169
2515,72,-1848,-152,3,491,171
2520,24,-1856,-160,7,498,162
2525,72,-1856,-176,15,504,164
2530,56,-1856,-216,16,517,156
2535,32,-1848,-152,13,525,144
2540,88,-1864,-160,2,530,120
2545,24,-1880,-152,-23,535,91
2550,8,-1896,-152,-42,535,74
2555,8,-1912,-112,-49,530,64
2560,72,-1952,-176,-50,524,54
2565,24,-1936,-128,-50,517,44
2570,24,-1912,-128,-49,512,34
2575,32,-1920,-112,-46,506,23
2580,48,-1928,-112,-45,500,10
2585,72,-1912,-96,-46,488,-3
2590,72,-1904,-88,-48,479,-16
2595,96,-1920,-80,-51,465,-29
2600,72,-1904,-88,-50,451,-41
2605,64,-1888,-88,-45,435,-52
2610,64,-1872,-80,-38,421,-63
2615,40,-1880,-136,-30,407,-71
2620,32,-1840,-64,-23,394,-78
2625,64,-1872,-32,-22,380,-84
2630,40,-1872,-64,-28,366,-90
2635,32,-1872,-48,-40,350,-93
2640,0,-1872,-72,-54,333,-98
2645,0,-1896,-56,-69,317,-99
2650,0,-1912,-56,-79,302,-102
2655,8,-1912,-32,-82,288,-106
2660,56,-1936,-48,-82,276,-108
2665,56,-1936,16,-75,267,-112
2670,56,-1960,16,-64,260,-114
2675,72,-1992,-32,-52,253,-112
2680,88,-2000,8,-43,247,-109
2685,88,-2032,24,-34,243,-106
2690,120,-2056,8,-29,239,-102
2695,128,-2024,-8,-26,238,-96
2700,136,-2056,16,-24,236,-92
2705,136,-2040,16,-23,236,-89
2710,120,-2064,48,-23,234,-86
2715,152,-2024,16,-22,231,-81
2720,152,-2048,-24,-23,230,-81
2725,128,-2024,48,-25,228,-81
2730,160,-2032,32,-28,227,-80
2735,144,-2000,24,-32,226,-77
2740,136,-1968,32,-38,228,-76
2745,144,-1984,88,-46,232,-74
2750,128,-1992,120,-52,239,-66
2755,136,-1984,88,-55,248,-59
2760,112,-1968,112,-57,256,-53
2765,136,-1984,104,-58,263,-44
2770,120,-2008,160,-58,271,-35
2775,184,-2048,120,-60,279,-24
2780,168,-2048,144,-60,291,-16
2785,208,-2096,168,-57,307,-10
2790,216,-2120,128,-40,323,-7
2795,256,-2136,120,-18,338,-4
2800,296,-2120,96,-6,345,-1
2805,320,-2144,88,-3,355,-1
2810,328,-2144,40,-10,364,-4
2815,320,-2168,40,-21,372,-5
2820,304,-2224,0,-28,377,-3
2825,216,-2248,-32,-32,380,6
2830,232,-2312,-56,-27,378,17
2835,104,-2384,-80,-20,376,36
2840,88,-2448,-72,-4,368,60
2845,32,-2512,-136,22,355,90
2850,-32,-2560,-96,55,341,117
2855,-72,-2552,-104,88,321,142
2860,-104,-2560,-112,121,292,172
2865,-160,-2536,-160,145,255,205
2870,-176,-2528,-128,159,205,232
2875,-184,-2488,-176,167,144,242
2880,-192,-2448,-192,163,75,248
2885,-200,-2392,-248,157,7,249
2890,-184,-2376,-216,161,-61,236
2895,-152,-2296,-240,170,-118,224
2900,-96,-2280,-240,184,-155,220
2905,-56,-2272,-224,208,-171,215
2910,-24,-2232,-224,234,-166,212
2915,56,-2208,-192,258,-148,202
2920,96,-2192,-208,280,-124,193
2925,192,-2112,-224,295,-97,178
2930,288,-2032,-256,304,-70,160
2935,320,-1992,-264,303,-44,138
2940,376,-1928,-248,295,-22,112
2945,384,-1840,-304,284,-5,88
2950,408,-1768,-328,273,8,61
2955,376,-1712,-328,263,19,39
2960,360,-1656,-360,252,31,18
2965,304,-1592,-400,242,43,1
2970,256,-1536,-352,237,55,-13
2975,200,-1520,-392,232,68,-22
2980,200,-1512,-368,229,75,-33
2985,136,-1472,-368,225,79,-38
2990,104,-1512,-392,222,77,-42
2995,72,-1520,-384,219,69,-41
3000,56,-1520,-400,211,52,-38
3005,8,-1536,-368,203,31,-35
3010,0,-1584,-400,194,7,-28
3015,-16,-1616,-416,187,-17,-21
3020,8,-1688,-424,178,-39,-11
3025,8,-1712,-424,165,-58,-2
3030,32,-1768,-424,151,-74,8
3035,80,-1808,-464,136,-89,18
3040,152,-1848,-416,121,-106,22
3045,192,-1912,-432,109,-121,26
3050,272,-1928,-432,98,-137,28
3055,344,-1952,-432,86,-151,26
3060,400,-1968,-432,75,-157,21
3065,472,-2000,-464,66,-156,14
3070,520,-2024,-472,57,-149,3
3075,544,-2016,-520,47,-133,-9
3080,560,-2016,-536,37,-111,-23
3085,568,-2008,-496,31,-84,-35
3090,536,-2016,-464,30,-58,-49
3095,488,-1976,-480,35,-32,-57
3100,400,-2000,-456,46,-11,-63
3105,392,-1984,-448,55,6,-66
3110,328,-2000,-392,59,17,-65
3115,232,-2008,-392,65,22,-63
3120,176,-2040,-352,67,19,-58
3125,120,-2048,-328,62,4,-56
3130,40,-2048,-320,60,-11,-53
3135,0,-2040,-304,58,-29,-45
3140,-24,-2064,-312,55,-46,-42
3145,-32,-2096,-280,55,-63,-42
3150,0,-2056,-288,61,-83,-40
3155,-24,-2056,-280,61,-99,-43
3160,56,-2048,-320,51,-111,-51
3165,80,-2024,-336,36,-121,-65
3170,144,-1968,-312,20,-138,-93
3175,184,-1936,-312,-1,-157,-134
3180,248,-1920,-304,-20,-167,-163
3185,288,-1896,-280,-20,-170,-164
3190,304,-1856,-280,-10,-173,-160
3195,344,-1840,-296,-4,-179,-165
3200,344,-1824,-304,-4,-183,-167
3205,352,-1800,-288,-8,-186,-173
3210,352,-1784,-280,-12,-184,-175
3215,368,-1744,-272,-14,-176,-171
3220,352,-1752,-272,-11,-160,-156
3225,368,-1768,-272,-10,-148,-146
3230,336,-1736,-248,-15,-137,-142
3235,312,-1744,-240,-25,-127,-141
3240,312,-1744,-240,-36,-118,-141
3245,296,-1760,-224,-48,-112,-139
3250,248,-1768,-216,-59,-109,-139
3255,272,-1784,-200,-65,-109,-135
3260,304,-1832,-200,-67,-111,-130
3265,232,-1808,-184,-67,-117,-128
3270,240,-1856,-144,-64,-124,-123
3275,248,-1872,-168,-61,-129,-122
3280,248,-1864,-216,-61,-137,-123
3285,216,-1904,-152,-64,-143,-122
3290,200,-1912,-200,-69,-150,-117
3295,224,-1936,-160,-73,-160,-110
3300,208,-1936,-200,-81,-170,-103
3305,216,-1936,-168,-92,-179,-100
3310,216,-1968,-192,-103,-191,-97
3315,192,-1960,-184,-112,-202,-93
3320,184,-1952,-176,-118,-211,-90
3325,168,-1952,-184,-118,-222,-85
3330,192,-1952,-168,-112,-233,-82
3335,216,-1960,-192,-109,-238,-81
3340,176,-1944,-176,-109,-239,-82
3345,184,-1952,-144,-99,-243,-66
3350,208,-1960,-168,-81,-252,-54
3355,224,-1928,-176,-70,-255,-43
3360,232,-1928,-120,-60,-258,-30
3365,248,-1936,-120,-50,-259,-21
3370,224,-1880,-88,-44,-262,-15
3375,264,-1912,-96,-38,-265,-10
3380,248,-1872,-88,-35,-268,-4
3385,280,-1880,-120,-33,-275,4
3390,296,-1864,-88,-32,-279,7
3395,280,-1896,-104,-33,-284,12
3400,312,-1880,-72,-36,-289,15
3405,280,-1856,-72,-40,-297,17
3410,256,-1848,-48,-41,-305,17
3415,312,-1864,-40,-40,-315,18
3420,264,-1856,-48,-37,-325,19
3425,248,-1896,-8,-31,-337,18
3430,224,-1928,8,-25,-352,18
3435,192,-1912,-24,-20,-368,17
3440,200,-1912,-16,-14,-386,16
3445,160,-1952,-8,-12,-397,21
3450,144,-1968,-32,-8,-402,26
3455,144,-1992,-16,-4,-407,32
3460,144,-1976,-24,-1,-409,36
3465,160,-1992,-48,2,-408,40
3470,160,-1976,-48,6,-403,45
3475,200,-1976,-48,13,-400,50
3480,232,-1992,-64,23,-396,52
3485,280,-1976,-64,31,-394,52
3490,296,-1936,-24,41,-393,50
3495,344,-1912,-40,53,-389,48
3500,344,-1912,-8,68,-384,45
3505,392,-1944,-24,83,-381,42
3510,408,-1968,0,100,-376,40
3515,448,-1944,24,116,-372,36
3520,456,-2000,32,130,-368,33
3525,456,-2032,0,143,-360,26
3530,472,-2072,56,153,-353,16
3535,472,-2112,-8,162,-343,5
3540,488,-2152,48,167,-330,-12
3545,488,-2192,40,170,-314,-32
3550,488,-2240,24,171,-298,-51
3555,496,-2264,-16,165,-279,-71
3560,528,-2320,-24,157,-260,-93
3565,520,-2352,-56,146,-244,-119
3570,504,-2360,-48,141,-227,-142
3575,504,-2416,-64,139,-207,-163
3580,464,-2408,-104,141,-188,-181
3585,416,-2432,-160,142,-170,-195
3590,456,-2464,-192,138,-151,-203
3595,464,-2472,-264,133,-129,-209
3600,496,-2456,-264,128,-101,-214
3605,552,-2408,-280,128,-61,-215
3610,576,-2336,-288,137,-12,-218
3615,584,-2272,-272,147,40,-219
3620,608,-2240,-312,156,86,-220
3625,544,-2168,-328,162,127,-216
3630,576,-2136,-344,164,161,-213
3635,552,-2120,-352,166,187,-203
3640,480,-2112,-384,171,211,-192
3645,432,-2072,-384,177,227,-178
3650,376,-2040,-336,187,240,-162
3655,280,-2032,-328,197,247,-144
3660,256,-2048,-344,209,245,-124
3665,168,-2032,-336,223,231,-105
3670,120,-2008,-360,240,211,-86
3675,56,-1984,-376,256,183,-68
3680,48,-1992,-344,269,155,-53
3685,-16,-1952,-376,275,126,-41
3690,-32,-1912,-384,276,100,-31
3695,-32,-1832,-384,274,79,-24
3700,-56,-1800,-448,268,60,-18
3705,-64,-1728,-440,262,47,-17
3710,-80,-1632,-432,255,37,-14
3715,-56,-1600,-456,247,26,-12
3720,-56,-1544,-432,240,16,-11
3725,-48,-1504,-480,230,6,-13
3730,-32,-1464,-440,219,-3,-12
3735,-40,-1448,-456,207,-10,-14
3740,-16,-1424,-488,196,-19,-17
3745,-16,-1384,-456,186,-24,-21
3750,48,-1416,-416,173,-26,-28
3755,88,-1456,-472,158,-27,-37
3760,144,-1504,-424,143,-24,-43
3765,160,-1544,-432,130,-18,-50
3770,232,-1640,-408,120,-9,-56
3775,264,-1720,-424,107,4,-60
3780,280,-1840,-376,92,19,-64
3785,320,-1920,-400,76,35,-68
3790,312,-2008,-424,58,56,-71
3795,288,-2048,-408,42,75,-73
3800,272,-2112,-440,25,99,-73
3805,280,-2152,-392,9,127,-72
3810,240,-2184,-408,-8,158,-66
3815,224,-2232,-392,-20,194,-59
3820,200,-2208,-416,-36,224,-54
3825,208,-2248,-376,-49,249,-48
3830,208,-2248,-368,-58,266,-40
3835,184,-2208,-320,-60,281,-32
3840,176,-2192,-376,-56,291,-21
3845,200,-2192,-336,-46,295,-10
3850,176,-2184,-328,-29,296,3
3855,112,-2152,-344,-6,296,17
3860,160,-2152,-328,14,295,31
3865,160,-2120,-344,30,296,49
3870,160,-2096,-312,43,297,62
3875,144,-2056,-288,54,300,78
3880,120,-2040,-272,63,306,91
3885,112,-2008,-256,70,310,107
3890,144,-1992,-240,77,309,121
3895,104,-1960,-280,80,303,135
3900,112,-1936,-272,78,293,148
3905,128,-1960,-280,69,279,160
3910,104,-1888,-248,62,264,172
3915,120,-1880,-232,58,252,182
3920,112,-1880,-224,56,244,189
3925,120,-1864,-232,56,240,194
3930,88,-1856,-176,55,240,197
3935,112,-1872,-160,54,246,197
3940,144,-1864,-184,51,253,200
3945,96,-1880,-184,48,262,199
3950,88,-1872,-208,40,267,199
3955,104,-1872,-200,27,266,207
3960,88,-1816,-176,14,262,216
3965,160,-1880,-136,4,259,222
3970,72,-1832,-168,-4,259,225
3975,80,-1824,-160,-11,259,231
3980,64,-1792,-128,-17,262,229
3985,56,-1792,-144,-25,268,230
3990,48,-1808,-128,-34,281,228
3995,72,-1792,-88,-42,294,225
4000,72,-1800,-48,-48,306,216
4005,112,-1816,-64,-51,314,207
4010,128,-1824,-64,-51,325,190
4015,112,-1832,-48,-53,331,173
4020,240,-1848,-64,-53,334,156
4025,144,-1816,-40,-53,336,139
4030,160,-1872,-40,-53,337,126
4035,152,-1872,-24,-54,340,112
4040,152,-1880,-48,-57,343,101
4045,168,-1904,-32,-59,350,89
4050,160,-1904,-56,-60,358,86
4055,128,-1928,-64,-61,366,75
4060,112,-1912,-72,-68,377,64
4065,144,-1920,-56,-71,384,54
4070,80,-1936,-48,-75,392,43
4075,112,-1912,-48,-79,398,31
4080,72,-1896,-64,-77,402,22
4085,96,-1896,-56,-71,402,12
4090,64,-1880,-48,-64,398,6
4095,56,-1896,-24,-59,392,0
4100,64,-1856,-48,-55,386,-6
4105,48,-1872,-16,-55,381,-12
4110,40,-1848,-32,-57,371,-16
4115,40,-1904,-48,-62,364,-21
4120,24,-1880,-64,-68,354,-24
4125,-16,-1872,-48,-73,345,-28
4130,16,-1888,-32,-75,337,-31
4135,0,-1896,-32,-73,329,-33
4140,16,-1960,32,-68,322,-33
4145,8,-1952,0,-62,316,-32
4150,-16,-1976,-24,-60,309,-32
4155,56,-2016,8,-60,303,-30
4160,32,-2008,-24,-61,296,-29
4165,16,-2008,-8,-63,290,-29
4170,16,-2016,8,-64,284,-28
4175,56,-2024,16,-63,277,-30
4180,8,-1952,8,-61,270,-32
4185,48,-2040,8,-58,265,-35
4190,32,-2040,40,-52,259,-37
4195,56,-2040,56,-43,254,-37
4200,48,-2000,64,-36,250,-39
4205,64,-2024,40,-28,244,-39
4210,64,-2032,48,-19,243,-38
4215,56,-2048,56,-10,241,-35
4220,104,-2048,72,-4,240,-33
4225,80,-2064,96,3,241,-31
4230,104,-2056,104,8,242,-26
4235,144,-2064,160,13,245,-22
4240,120,-2088,112,21,250,-22
4245,168,-2080,128,24,256,-21
4250,176,-2080,144,30,263,-20
4255,168,-2064,120,33,267,-20
4260,184,-2072,136,33,267,-20
4265,168,-2104,72,26,265,-19
4270,184,-2136,16,11,258,-18
4275,120,-2152,16,-3,250,-8
4280,128,-2216,-8,-16,239,4
4285,16,-2224,-72,-24,226,20
4290,8,-2368,-96,-28,213,43
4295,-32,-2472,-144,-20,200,66
4300,-64,-2544,-128,-4,189,97
4305,-144,-2632,-144,23,177,130
4310,-232,-2664,-144,56,162,166
4315,-256,-2672,-136,96,140,201
4320,-264,-2672,-136,133,107,239
4325,-288,-2640,-168,158,65,276
4330,-288,-2552,-168,168,19,306
4335,-216,-2496,-176,167,-31,327
4340,-232,-2376,-184,159,-86,337
4345,-128,-2304,-240,150,-146,337
4350,-80,-2248,-232,143,-202,328
4355,-16,-2216,-312,135,-250,308
4360,72,-2136,-272,133,-281,282
4365,128,-2112,-256,142,-293,252
4370,224,-2088,-224,163,-282,214
4375,272,-2064,-208,192,-252,178
4380,376,-2072,-200,221,-207,144
4385,432,-2048,-192,243,-149,109
4390,488,-2048,-240,254,-88,78
4395,512,-2008,-272,257,-25,51
4400,528,-2008,-272,255,32,28
4405,544,-1968,-304,251,83,1
4410,552,-1952,-328,240,128,-21
4415,528,-1896,-360,232,165,-45
4420,504,-1832,-376,220,197,-67
4425,472,-1808,-400,210,222,-85
4430,432,-1760,-440,201,248,-98
4435,376,-1736,-432,190,272,-106
4440,344,-1648,-456,180,294,-107
4445,312,-1624,-432,170,312,-102
4450,264,-1616,-464,161,330,-92
4455,208,-1552,-440,161,345,-78
4460,168,-1544,-416,166,356,-61
4465,144,-1552,-400,173,364,-42
4470,128,-1568,-400,182,369,-23
4475,96,-1600,-424,186,377,1
4480,88,-1600,-432,184,385,24
4485,96,-1672,-496,173,392,45
4490,128,-1680,-480,146,396,63
4495,208,-1712,-512,109,399,74
4500,176,-1648,-544,69,399,77
4505,280,-1736,-528,35,397,78
4510,320,-1768,-544,10,391,75
4515,344,-1808,-512,-6,379,70
4520,368,-1824,-528,-8,363,64
4525,376,-1864,-488,-6,347,59
4530,360,-1952,-464,5,333,56
4535,376,-1992,-424,19,321,52
4540,352,-2040,-416,30,313,54
4545,360,-2048,-432,37,310,55
4550,280,-2104,-408,40,317,56
4555,248,-2120,-400,42,326,56
4560,216,-2120,-360,42,340,55
4565,176,-2128,-384,46,346,53
4570,128,-2176,-376,48,349,49
4575,88,-2216,-328,56,341,43
4580,16,-2208,-336,67,326,36
4585,8,-2232,-352,79,302,28
4590,-24,-2192,-344,86,276,19
4595,-24,-2168,-312,86,251,8
4600,8,-2120,-312,82,225,-8
4605,32,-2064,-296,77,201,-28
4610,80,-2040,-312,76,180,-54
4615,120,-2024,-280,75,160,-80
4620,184,-1976,-288,85,144,-112
4625,200,-1888,-264,98,129,-147
4630,256,-1848,-280,102,119,-172
4635,288,-1792,-256,101,116,-182
4640,312,-1784,-232,95,118,-187
4645,312,-1784,-200,91,122,-190
4650,328,-1808,-240,95,127,-197
4655,312,-1792,-232,99,128,-212
4660,296,-1816,-232,95,130,-213
4665,272,-1808,-168,89,134,-215
4670,248,-1760,-200,77,140,-207
4675,192,-1728,-208,57,146,-189
4680,184,-1720,-192,30,152,-168
4685,176,-1752,-176,2,155,-158
4690,168,-1752,-152,-15,153,-159
4695,160,-1760,-160,-26,147,-169
4700,152,-1776,-168,-36,141,-173
4705,152,-1784,-184,-48,133,-170
4710,136,-1752,-152,-59,124,-170
4715,168,-1744,-192,-62,116,-175
4720,160,-1792,-144,-67,107,-175
4725,184,-1792,-128,-62,100,-176
4730,192,-1816,-128,-53,91,-177
4735,184,-1816,-104,-45,77,-171
4740,200,-1848,-72,-40,64,-162
4745,200,-1880,-72,-40,52,-145
4750,168,-1888,-80,-40,37,-129
4755,160,-1936,-56,-42,24,-111
4760,200,-1944,-16,-46,8,-91
4765,168,-1960,-48,-48,-5,-75
4770,128,-2000,-40,-45,-18,-61
4775,136,-1976,-32,-45,-31,-50
4780,160,-1968,-56,-52,-45,-38
4785,176,-2000,-32,-58,-60,-27
4790,152,-1976,-40,-61,-75,-22
4795,176,-1984,-24,-63,-91,-17
4800,168,-1944,-32,-61,-109,-12
4805,184,-1944,-24,-57,-129,-6
4810,192,-1920,-8,-50,-147,-3
4815,176,-1880,-40,-39,-166,1
4820,208,-1856,16,-29,-180,5
4825,200,-1816,8,-23,-194,9
4830,200,-1816,0,-15,-207,12
4835,216,-1800,8,-11,-218,18
4840,232,-1776,0,-8,-224,22
4845,208,-1784,0,-6,-227,24
4850,248,-1816,24,-3,-231,25
4855,232,-1808,24,1,-231,25
4860,240,-1832,24,2,-234,27
4865,264,-1856,0,2,-238,27
4870,264,-1888,16,-3,-240,27
4875,280,-1920,24,-5,-245,29
4880,280,-1928,8,-8,-250,29
4885,264,-1944,8,-11,-255,28
4890,256,-1944,-32,-14,-260,24
4895,272,-1976,-40,-15,-262,23
4900,280,-1968,-8,-16,-262,21
4905,280,-1960,-32,-16,-258,19
4910,296,-1976,-32,-16,-256,18
4915,296,-1960,-24,-16,-252,15
4920,336,-1984,-32,-15,-246,14
4925,336,-1984,0,-12,-239,12
4930,344,-1992,-8,-5,-233,9
4935,328,-1976,24,4,-227,6
4940,336,-1984,-16,15,-219,7
4945,376,-1992,32,24,-208,5
4950,352,-1976,24,30,-196,3
4955,368,-1960,48,36,-182,1
4960,376,-1960,64,42,-166,-3
4965,400,-2000,88,48,-149,-5
4970,400,-1984,104,55,-136,-9
4975,392,-1984,104,62,-124,-15
4980,384,-2008,144,75,-117,-19
4985,368,-2000,168,89,-118,-23
4990,400,-2008,152,105,-118,-32
4995,320,-2008,248,120,-117,-39
5000,312,-2040,208,134,-114,-43
5005,320,-2040,232,145,-112,-48
5010,312,-2088,208,140,-104,-55
5015,328,-2144,184,120,-89,-60
5020,376,-2200,112,85,-68,-75
5025,392,-2256,80,36,-43,-89
5030,448,-2376,64,-14,-19,-110
5035,496,-2448,-24,-56,-3,-133
5040,576,-2576,-72,-78,9,-163
5045,560,-2616,-128,-81,15,-196
5050,576,-2640,-176,-66,22,-236
5055,584,-2672,-184,-50,43,-296
5060,704,-2680,-248,28,76,-336
5065,760,-2640,-328,121,112,-304
5070,720,-2552,-368,145,151,-302
5075,648,-2456,-424,134,204,-307
5080,640,-2360,-384,111,275,-302
5085,592,-2248,-392,86,353,-291
5090,560,-2232,-360,71,423,-275
5095,496,-2224,-328,68,476,-257
5100,424,-2192,-288,77,510,-239
5105,320,-2184,-288,98,526,-220
5110,216,-2200,-256,125,522,-200
5115,112,-2176,-272,150,497,-182
5120,48,-2216,-232,180,456,-167
5125,-32,-2192,-272,211,404,-152
5130,-128,-2168,-320,241,338,-138
5135,-184,-2128,-320,264,259,-122
5140,-192,-2088,-336,277,179,-108
5145,-248,-2040,-352,282,99,-93
5150,-280,-1928,-416,276,28,-79
5155,-256,-1856,-432,256,-34,-67
5160,-240,-1736,-488,226,-88,-57
5165,-208,-1664,-480,191,-140,-53
5170,-184,-1544,-544,158,-183,-51
5175,-120,-1488,-536,135,-219,-52
5180,-88,-1416,-560,123,-249,-53
5185,-8,-1352,-560,120,-276,-58
5190,24,-1368,-568,126,-296,-65
5195,80,-1336,-544,135,-308,-72
5200,80,-1360,-592,141,-314,-82
5205,144,-1392,-560,140,-310,-92
5210,208,-1464,-544,131,-301,-101
5215,224,-1496,-576,110,-281,-110
5220,248,-1544,-576,80,-255,-121
5225,272,-1640,-512,54,-221,-124
5230,280,-1704,-552,32,-183,-123
5235,320,-1776,-544,9,-139,-125
5240,312,-1840,-528,-19,-94,-128
5245,328,-1888,-520,-43,-50,-132
5250,328,-1976,-440,-56,-7,-134
5255,320,-2000,-496,-65,32,-135
5260,296,-2032,-448,-73,66,-136
5265,296,-2072,-424,-82,96,-136
5270,304,-2112,-456,-88,123,-130
5275,312,-2144,-424,-89,149,-121
5280,312,-2168,-432,-87,173,-112
5285,328,-2160,-456,-84,199,-99
5290,352,-2208,-448,-86,219,-85
5295,312,-2160,-448,-87,234,-66
5300,336,-2232,-432,-92,244,-44
5305,328,-2184,-456,-95,255,-28
5310,304,-2160,-480,-98,265,-13
5315,288,-2168,-400,-104,278,7
5320,288,-2216,-384,-99,292,17
5325,272,-2160,-368,-86,305,24
5330,232,-2096,-360,-68,320,39
5335,216,-2096,-352,-47,333,52
5340,176,-2048,-352,-30,348,63
5345,176,-2048,-312,-15,363,78
5350,152,-1992,-312,0,377,93
5355,136,-1968,-296,17,390,100
5360,120,-1928,-240,36,397,102
5365,104,-1920,-256,55,402,111
5370,80,-1920,-272,69,408,127
5375,80,-1872,-240,77,411,138
5380,80,-1864,-264,75,415,155
5385,96,-1872,-256,65,418,171
5390,88,-1864,-240,52,417,183
5395,72,-1832,-232,39,416,191
5400,96,-1824,-216,18,415,204
5405,56,-1808,-264,-9,412,217
5410,80,-1800,-232,-33,408,220
5415,72,-1760,-296,-49,403,226
5420,80,-1752,-200,-68,399,244
5425,72,-1760,-184,-76,393,254
5430,64,-1760,-200,-70,385,248
5435,80,-1768,-200,-59,379,231
5440,72,-1776,-144,-53,377,218
5445,88,-1808,-176,-49,377,205
5450,72,-1784,-136,-47,379,194
5455,64,-1776,-120,-51,381,184
5460,96,-1800,-160,-56,383,172
5465,88,-1824,-144,-62,384,156
5470,96,-1824,-128,-67,385,144
5475,88,-1784,-104,-77,385,130
5480,80,-1816,-104,-86,385,117
5485,104,-1832,-104,-94,384,104
5490,96,-1800,-64,-102,381,93
5495,80,-1816,-64,-108,376,82
5500,104,-1832,-88,-112,372,71
5505,104,-1840,-64,-111,367,63
5510,96,-1872,-64,-106,363,55
5515,112,-1880,-40,-102,360,48
5520,88,-1816,-32,-97,357,41
5525,168,-1856,-48,-94,356,32
5530,136,-1880,-64,-93,352,25
5535,136,-1896,-16,-91,346,15
5540,128,-1896,-24,-88,340,6
5545,112,-1880,-24,-85,332,0
5550,128,-1880,-8,-83,326,-5
5555,136,-1888,-24,-81,319,-11
5560,168,-1880,-16,-79,316,-16
5565,136,-1896,8,-74,316,-22
5570,144,-1888,0,-73,316,-26
5575,152,-1928,-24,-70,315,-29
5580,216,-1904,-24,-66,316,-30
5585,136,-1912,0,-63,321,-31
5590,152,-1944,-32,-64,326,-29
5595,144,-1928,-8,-64,331,-26
5600,160,-1952,-8,-67,336,-22
5605,128,-1968,-24,-72,341,-17
5610,120,-1960,-16,-77,345,-12
5615,96,-1960,-24,-80,347,-7
5620,96,-1976,-24,-83,347,-3
5625,104,-1952,-24,-86,346,1
5630,96,-1976,-8,-87,346,6
5635,96,-1960,-72,-87,344,9
5640,88,-2000,-8,-84,343,13
5645,64,-1976,-16,-79,340,17
5650,72,-2016,-24,-75,333,18
5655,88,-2000,-24,-71,326,17
5660,64,-2016,-32,-71,319,17
5665,64,-2000,-16,-70,312,16
5670,64,-2008,8,-70,307,14
5675,88,-2000,16,-68,302,12
5680,72,-2016,-8,-64,301,11
5685,48,-2008,16,-59,300,9
5690,56,-1976,-24,-54,298,7
5695,48,-2000,16,-50,296,8
5700,56,-1960,72,-45,291,11
5705,56,-1992,48,-43,286,13
5710,40,-1984,64,-38,278,16
5715,48,-1976,112,-28,271,17
5720,56,-1976,104,-18,266,20
5725,32,-1992,104,-5,263,20
5730,64,-2008,112,9,257,22
5735,48,-2024,128,18,252,18
5740,48,-2032,136,21,243,17
5745,56,-2080,168,15,227,20
5750,32,-2128,24,-4,203,27
5755,0,-2168,-40,-31,173,42
5760,-24,-2264,-120,-54,143,62
5765,-40,-2336,-176,-74,119,87
5770,-96,-2440,-200,-83,105,115
5775,-128,-2536,-240,-78,97,145
5780,-144,-2616,-232,-60,94,180
5785,-160,-2712,-232,-26,94,211
5790,-176,-2744,-248,20,91,235
5795,-152,-2776,-248,70,79,267
5800,-96,-2728,-264,113,60,301
5805,-32,-2688,-296,144,20,320
5810,80,-2616,-328,159,-34,324
5815,152,-2560,-352,157,-98,314
5820,240,-2480,-320,146,-162,288
5825,320,-2408,-336,135,-222,252
5830,384,-2320,-352,126,-267,210
5835,408,-2280,-360,125,-291,170
5840,472,-2224,-344,130,-287,129
5845,480,-2176,-392,142,-260,93
5850,472,-2184,-360,166,-209,61
5855,504,-2096,-440,194,-135,38
5860,520,-2088,-424,220,-41,25
5865,520,-2056,-448,233,58,20
5870,488,-2048,-456,235,152,21
5875,472,-1976,-496,226,235,24
5880,424,-1896,-504,210,300,30
5885,400,-1856,-504,190,347,34
5890,392,-1808,-552,167,380,35
5895,360,-1760,-576,145,400,31
5900,352,-1696,-576,129,411,26
5905,304,-1672,-584,118,419,16
5910,288,-1616,-640,110,428,4
5915,304,-1568,-632,101,440,-6
5920,280,-1520,-592,92,457,-16
5925,304,-1464,-600,82,471,-23
5930,272,-1424,-552,79,484,-30
5935,288,-1360,-544,78,494,-34
5940,280,-1376,-528,82,496,-33
5945,256,-1344,-528,83,489,-27
5950,232,-1336,-512,82,476,-16
5955,240,-1424,-480,81,456,-1
5960,192,-1440,-520,80,429,19
5965,160,-1504,-456,80,400,42
5970,128,-1576,-456,79,370,66
5975,104,-1664,-440,79,344,93
5980,104,-1728,-400,72,323,120
5985,88,-1816,-368,65,303,143
5990,80,-1888,-376,62,285,161
5995,72,-1936,-352,58,270,174
6000,120,-2024,-304,55,256,179
6005,128,-2056,-304,57,241,179
6010,104,-2088,-320,65,224,170
6015,144,-2176,-296,73,204,157
6020,144,-2200,-272,82,184,138
6025,144,-2264,-312,88,164,123
6030,120,-2280,-296,90,147,103
6035,144,-2336,-288,89,134,82
6040,176,-2280,-280,82,125,61
6045,152,-2248,-296,71,125,44
6050,176,-2248,-280,62,132,25
6055,184,-2176,-264,56,140,5
6060,224,-2136,-264,53,148,-10
6065,264,-2096,-280,58,156,-26
6070,312,-2040,-248,72,162,-42
6075,328,-2008,-232,89,167,-55
6080,360,-1944,-208,116,169,-66
6085,392,-1928,-176,136,168,-79
6090,384,-1920,-192,149,167,-92
6095,376,-1904,-176,156,164,-103
6100,352,-1896,-176,158,161,-110
6105,312,-1872,-200,155,157,-116
6110,280,-1864,-152,147,156,-122
6115,240,-1872,-160,132,153,-125
6120,216,-1872,-168,115,154,-128
6125,192,-1840,-184,91,154,-129
6130,144,-1832,-168,66,155,-130
6135,136,-1808,-192,40,154,-130
6140,120,-1784,-192,13,150,-130
6145,128,-1760,-216,-11,142,-131
6150,144,-1760,-200,-32,131,-134
6155,144,-1768,-168,-45,116,-137
6160,128,-1728,-168,-52,98,-143
6165,192,-1760,-192,-54,78,-147
6170,144,-1744,-176,-48,55,-150
6175,176,-1704,-224,-39,30,-153
6180,184,-1752,-136,-28,7,-156
6185,216,-1808,-120,-19,-16,-155
6190,184,-1800,-160,-12,-36,-156
6195,192,-1808,-160,-9,-54,-153
6200,200,-1840,-160,-7,-73,-150
6205,192,-1848,-136,-7,-92,-144
6210,192,-1856,-152,-8,-108,-138
6215,152,-1880,-120,-5,-125,-131
6220,168,-1864,-136,-3,-140,-127
6225,168,-1896,-96,2,-155,-121
6230,96,-1880,-176,8,-173,-113
6235,168,-1912,-64,15,-188,-103
6240,160,-1880,-104,22,-204,-95
6245,184,-1904,-64,29,-220,-83
6250,184,-1880,-72,37,-232,-71
6255,184,-1896,-64,44,-244,-57
6260,216,-1880,-48,51,-256,-44
6265,200,-1904,-40,60,-267,-29
6270,200,-1840,-56,68,-277,-12
6275,192,-1864,-24,74,-285,1
6280,192,-1832,-56,78,-293,17
6285,192,-1864,-40,82,-301,30
6290,240,-1864,-16,86,-307,43
6295,224,-1856,16,90,-308,53
6300,224,-1856,-32,92,-310,62
6305,216,-1848,8,93,-311,69
6310,216,-1840,-16,93,-312,72
6315,232,-1840,-8,90,-313,76
6320,224,-1856,-8,84,-314,79
6325,240,-1816,0,79,-313,81
6330,272,-1832,16,75,-315,81
6335,264,-1864,-40,71,-315,82
6340,312,-1880,-32,66,-311,81
6345,304,-1880,-48,62,-305,77
6350,360,-1920,-32,58,-295,72
6355,368,-1936,-8,58,-284,67
6360,400,-1976,-48,59,-275,61
6365,392,-2016,-32,65,-265,54
6370,384,-2032,-48,73,-257,48
6375,384,-2040,0,81,-251,41
6380,384,-2064,8,87,-245,35
6385,360,-2080,-24,94,-240,28
6390,320,-2048,40,94,-236,20
6395,328,-2032,64,95,-236,9
6400,312,-2032,48,96,-234,3
6405,280,-2008,64,103,-233,-4
6410,280,-1992,88,111,-234,-6
6415,280,-1976,88,118,-238,-8
6420,248,-1968,120,130,-243,-9
6425,272,-1968,112,145,-246,-10
6430,256,-1976,128,167,-249,-12
6435,240,-2000,192,187,-248,-13
6440,248,-2000,192,207,-248,-14
6445,280,-2056,272,226,-250,-19
6450,256,-2064,296,245,-251,-21
6455,216,-2040,296,262,-258,-21
6460,224,-2064,320,278,-260,-16
6465,224,-2072,344,300,-270,-12
6470,216,-2080,368,317,-285,-11
6475,232,-2064,360,326,-306,-9
6480,232,-2032,336,326,-326,-7
6485,280,-2040,344,313,-333,-13
6490,296,-2040,296,280,-331,-22
6495,400,-2064,160,228,-317,-27
6500,472,-2120,56,162,-289,-41
6505,520,-2192,-16,90,-263,-66
6510,600,-2360,-88,23,-252,-109
6515,664,-2520,-200,-17,-261,-152
6520,720,-2632,-248,-14,-272,-193
6525,824,-2784,-280,28,-269,-233
6530,856,-2784,-240,90,-239,-280
6535,912,-2768,-280,158,-172,-323
6540,968,-2752,-296,205,-70,-362
6545,992,-2720,-408,209,62,-399
6550,952,-2600,-480,176,215,-428
6555,976,-2544,-544,124,377,-444
6560,984,-2496,-568,64,534,-443
6565,960,-2424,-584,10,665,-431
6570,976,-2376,-568,-21,744,-404
6575,864,-2360,-520,-33,778,-383
6580,736,-2280,-488,-16,774,-368
6585,608,-2264,-408,23,748,-351
6590,440,-2200,-376,78,706,-332
6595,288,-2096,-344,135,663,-313
6600,80,-2048,-336,182,622,-286
6605,-56,-1968,-336,215,586,-250
6610,-208,-1904,-376,226,543,-203
6615,-352,-1800,-408,226,490,-147
6620,-440,-1696,-408,224,439,-88
6625,-528,-1640,-424,217,382,-35
6630,-560,-1560,-424,213,321,14
6635,-552,-1464,-456,212,252,66
6640,-512,-1408,-432,216,181,104
6645,-456,-1352,-456,218,117,132
6650,-384,-1352,-448,217,58,151
6655,-232,-1320,-488,214,11,157
6660,-112,-1360,-456,205,-27,151
6665,32,-1400,-464,198,-48,137
6670,192,-1448,-464,184,-56,110
6675,288,-1480,-488,169,-51,75
6680,440,-1544,-464,151,-34,36
6685,520,-1560,-504,123,-8,-2
6690,592,-1648,-560,89,24,-34
6695,616,-1688,-488,57,59,-64
6700,656,-1744,-512,29,104,-80
6705,632,-1792,-504,6,154,-83
6710,592,-1824,-472,-11,211,-76
6715,544,-1928,-480,-27,273,-68
6720,504,-1960,-416,-41,343,-59
6725,448,-2016,-384,-55,400,-52
6730,376,-2024,-400,-70,452,-41
6735,336,-2064,-368,-86,497,-27
6740,280,-2128,-400,-96,535,-10
6745,272,-2192,-344,-108,565,2
6750,264,-2248,-360,-116,588,15
6755,216,-2248,-312,-118,604,29
6760,216,-2240,-328,-118,613,37
6765,184,-2248,-328,-115,622,50
6770,240,-2232,-296,-108,631,62
6775,280,-2216,-312,-99,638,68
6780,304,-2152,-312,-92,646,70
6785,320,-2112,-312,-86,659,77
6790,320,-2064,-336,-82,673,84
6795,336,-2032,-328,-80,688,92
6800,360,-2008,-296,-80,707,102
6805,376,-1952,-320,-81,724,113
6810,384,-1896,-272,-81,745,118
6815,360,-1848,-248,-80,764,126
6820,320,-1824,-272,-79,782,138
6825,328,-1808,-240,-79,797,154
6830,272,-1792,-208,-78,812,168
6835,240,-1808,-200,-75,825,184
6840,176,-1808,-208,-69,839,194
6845,144,-1840,-176,-65,850,212
6850,112,-1856,-200,-70,863,229
6855,72,-1880,-192,-77,872,240
6860,48,-1872,-208,-90,879,250
6865,32,-1904,-176,-113,884,261
6870,48,-1880,-208,-140,891,273
6875,-8,-1872,-224,-165,895,272
6880,48,-1848,-184,-190,896,263
6885,-16,-1824,-184,-221,898,259
6890,16,-1840,-152,-241,898,248
6895,8,-1848,-160,-249,896,220
6900,8,-1816,-120,-245,894,189
6905,40,-1752,-104,-240,891,161
6910,40,-1768,-136,-236,889,141
6915,48,-1744,-128,-229,886,119
6920,64,-1712,-112,-228,880,100
6925,80,-1736,-88,-226,873,79
6930,112,-1744,-88,-222,867,64
6935,112,-1744,-64,-217,858,52
6940,104,-1728,-64,-215,847,39
6945,112,-1760,-64,-209,830,30
6950,120,-1760,-80,-205,817,15
6955,120,-1768,-56,-208,803,2
6960,104,-1792,-72,-211,791,-5
6965,104,-1808,-64,-213,781,-12
6970,104,-1816,-32,-216,769,-18
6975,120,-1864,-32,-215,755,-23
6980,112,-1848,40,-210,734,-28
6985,128,-1920,-56,-204,714,-28
6990,72,-1880,-40,-202,693,-32
6995,48,-1872,-40,-202,671,-35
7000,32,-1872,8,-207,652,-40
7005,40,-1832,-24,-214,631,-44
7010,16,-1856,0,-223,611,-50
7015,56,-1856,-32,-232,592,-55
7020,0,-1832,-8,-238,575,-56
7025,32,-1832,24,-241,559,-57
7030,40,-1864,48,-237,548,-56
7035,24,-1896,32,-226,536,-50
7040,72,-1952,40,-210,527,-46
7045,48,-1960,24,-192,517,-41
7050,40,-1944,64,-174,510,-38
7055,48,-1968,80,-159,501,-39
7060,56,-2008,72,-146,493,-38
7065,64,-2024,56,-134,484,-38
7070,88,-2064,56,-127,471,-37
7075,80,-2048,48,-124,460,-38
7080,48,-2072,-8,-124,448,-35
7085,56,-2080,16,-126,436,-32
7090,24,-2080,-24,-127,425,-29
7095,88,-2072,-16,-126,415,-27
7100,96,-2096,8,-121,405,-22
7105,104,-2088,16,-112,398,-18
7110,160,-2056,0,-96,393,-13
7115,192,-2088,24,-78,389,-13
7120,192,-2096,56,-56,388,-13
7125,240,-2088,56,-38,388,-16
7130,240,-2080,24,-23,388,-19
7135,240,-2080,88,-11,388,-24
7140,256,-2064,96,-1,388,-28
7145,280,-2064,112,10,388,-34
7150,264,-2064,144,22,389,-41
7155,256,-2056,176,34,392,-47
7160,264,-2064,224,46,396,-52
7165,232,-2064,248,63,399,-55
7170,208,-2048,208,75,399,-56
7175,232,-2104,200,77,392,-53
7180,184,-2088,216,66,378,-49
7185,176,-2136,112,46,358,-39
7190,136,-2184,8,22,337,-23
7195,112,-2296,-72,-4,322,0
7200,80,-2392,-136,-29,310,27
7205,24,-2520,-248,-48,304,59
7210,-16,-2656,-280,-52,298,95
7215,-64,-2792,-240,-24,289,136
7220,-40,-2864,-160,42,287,180
7225,-64,-2904,-128,134,295,228
7230,-32,-2928,-112,231,303,281
7235,-32,-2912,-176,311,294,337
7240,0,-2872,-168,353,259,388
7245,64,-2736,-192,361,184,412
7250,144,-2648,-152,322,89,400
7255,136,-2472,-264,261,-19,364
7260,152,-2288,-272,200,-117,326
7265,160,-2176,-304,154,-191,304
7270,192,-2048,-360,128,-228,290
7275,200,-1976,-400,118,-237,274
7280,232,-1888,-448,127,-217,260
7285,280,-1856,-528,150,-163,239
7290,352,-1760,-552,185,-81,221
7295,336,-1672,-528,219,25,208
7300,384,-1680,-576,235,142,200
7305,432,-1600,-584,229,251,201
7310,456,-1552,-640,213,338,205
7315,488,-1552,-672,191,404,213
7320,536,-1520,-672,164,457,217
7325,600,-1488,-704,139,498,212
7330,640,-1456,-752,116,534,199
7335,656,-1488,-720,96,567,181
7340,640,-1488,-672,84,595,158
7345,648,-1504,-712,80,616,130
7350,568,-1592,-672,85,632,101
7355,512,-1672,-656,95,636,78
7360,384,-1800,-608,107,630,59
7365,312,-1784,-600,108,615,45
7370,240,-1840,-568,98,589,34
7375,160,-1896,-544,77,554,36
7380,56,-1904,-520,56,511,42
7385,-8,-1904,-496,36,468,55
7390,-56,-1960,-472,23,423,69
7395,-96,-1952,-480,18,381,81
7400,-80,-1968,-456,25,342,90
7405,-80,-2000,-424,39,310,93
7410,-56,-2048,-392,56,286,90
7415,-24,-2064,-360,71,272,82
7420,16,-2072,-352,87,267,70
7425,96,-2120,-368,96,267,53
7430,160,-2120,-352,107,272,32
7435,184,-2136,-352,115,279,11
7440,224,-2160,-360,120,287,-11
7445,224,-2144,-360,124,294,-30
7450,256,-2176,-320,131,298,-47
7455,240,-2144,-336,142,295,-63
7460,256,-2072,-336,155,288,-75
7465,224,-2048,-328,167,274,-85
7470,144,-1992,-240,176,255,-93
7475,152,-1944,-320,179,231,-99
7480,96,-1880,-248,178,202,-102
7485,48,-1848,-280,175,170,-105
7490,8,-1760,-248,171,137,-110
7495,24,-1736,-232,164,106,-117
7500,56,-1704,-192,158,78,-120
7505,56,-1656,-168,156,54,-123
7510,24,-1648,-104,154,34,-130
7515,48,-1632,-136,148,16,-137
7520,112,-1640,-104,138,-3,-156
7525,120,-1632,-152,121,-15,-165
7530,160,-1648,-144,111,-19,-153
7535,184,-1648,-168,96,-26,-147
7540,216,-1680,-152,79,-35,-146
7545,256,-1680,-192,58,-41,-149
7550,288,-1696,-184,39,-47,-148
7555,296,-1688,-224,20,-54,-147
7560,320,-1680,-192,5,-60,-144
7565,336,-1648,-200,-5,-67,-143
7570,344,-1696,-192,-15,-73,-139
7575,360,-1712,-160,-19,-82,-132
7580,352,-1704,-160,-20,-90,-124
7585,328,-1728,-200,-19,-96,-115
7590,336,-1744,-168,-17,-99,-110
7595,320,-1776,-112,-18,-99,-106
7600,288,-1776,-120,-19,-100,-102
7605,272,-1792,-104,-16,-100,-99
7610,232,-1816,-88,-10,-100,-94
7615,256,-1880,-96,-3,-100,-86
7620,240,-1912,-64,6,-100,-78
7625,216,-1888,-96,10,-102,-70
7630,192,-1944,-64,12,-105,-57
7635,224,-1912,-64,11,-107,-45
7640,216,-1928,-40,7,-108,-34
7645,176,-1896,-48,5,-114,-19
7650,184,-1904,-40,6,-121,-7
7655,176,-1872,-48,7,-128,6
7660,160,-1872,-8,8,-138,21
7665,168,-1816,-16,13,-152,36
7670,144,-1800,40,20,-166,52
7675,88,-1808,8,23,-187,66
7680,120,-1808,56,24,-208,79
7685,176,-1808,48,23,-225,92
7690,152,-1776,56,23,-235,103
7695,160,-1800,48,33,-236,114
7700,136,-1800,32,41,-233,119
7705,160,-1832,40,45,-229,123
7710,192,-1856,48,48,-222,126
7715,224,-1896,40,54,-211,126
7720,248,-1896,48,60,-202,125
7725,272,-1928,40,62,-192,123
7730,320,-1952,24,60,-187,115
7735,344,-1960,48,59,-180,103
7740,336,-1960,40,54,-175,89
7745,368,-2000,32,53,-171,75
7750,384,-2024,8,53,-171,60
7755,384,-2000,24,54,-169,42
7760,376,-2032,24,60,-166,26
7765,360,-2016,80,66,-165,13
7770,336,-2032,96,73,-162,-1
7775,304,-2040,120,81,-162,-10
7780,312,-2000,136,92,-164,-14
7785,264,-2016,216,103,-164,-14
7790,256,-2016,184,115,-161,-13
7795,248,-2040,200,128,-156,-8
7800,256,-2032,288,143,-152,-3
7805,264,-2064,288,158,-148,2
7810,248,-2056,304,174,-144,6
7815,272,-2064,328,190,-144,9
7820,288,-2064,384,205,-146,11
7825,288,-2072,416,221,-149,10
7830,296,-2080,408,239,-150,10
7835,272,-2096,440,256,-147,9
7840,264,-2072,456,270,-145,11
7845,256,-2064,440,278,-141,15
7850,256,-2048,432,278,-137,16
7855,264,-2032,392,263,-130,19
7860,280,-2040,328,226,-120,18
7865,312,-2056,256,175,-104,13
7870,384,-2136,96,115,-87,-2
7875,480,-2264,48,55,-69,-26
7880,592,-2472,-152,-5,-61,-61
7885,616,-2632,-272,-64,-71,-102
7890,656,-2848,-352,-102,-99,-143
7895,720,-3000,-360,-93,-126,-178
7900,920,-3048,-432,-32,-112,-216
7905,896,-3056,-440,46,-57,-274
7910,952,-2992,-512,103,39,-334
7915,992,-2864,-592,111,177,-398
7920,960,-2768,-656,67,353,-459
7925,920,-2616,-712,-12,544,-503
7930,888,-2560,-784,-81,727,-521
7935,856,-2480,-736,-120,880,-516
7940,776,-2416,-720,-126,985,-506
7945,688,-2392,-656,-92,1040,-498
7950,520,-2304,-560,-22,1054,-483
7955,360,-2272,-464,73,1034,-461
7960,136,-2152,-408,165,988,-426
7965,-80,-2040,-424,230,922,-384
7970,-280,-1976,-376,260,839,-332
7975,-512,-1864,-392,268,723,-276
7980,-680,-1760,-424,261,605,-216
7985,-832,-1704,-480,249,471,-148
7990,-920,-1592,-520,240,330,-84
7995,-936,-1536,-552,234,195,-21
8000,-872,-1472,-576,227,70,36
8005,-760,-1480,-648,216,-39,83
8010,-552,-1472,-560,216,-125,116
8015,-424,-1520,-568,221,-193,134
8020,-240,-1568,-504,224,-238,135
8025,-32,-1696,-464,224,-260,117
8030,192,-1824,-448,221,-257,85
8035,352,-1936,-440,217,-230,45
8040,472,-1984,-480,207,-183,3
8045,592,-2024,-528,182,-118,-41
8050,712,-2016,-520,147,-44,-85
8055,792,-1976,-576,106,41,-117
8060,760,-1888,-560,53,127,-137
8065,816,-1848,-568,7,208,-147
8070,760,-1792,-576,-27,284,-142
8075,744,-1744,-528,-46,351,-126
8080,664,-1744,-528,-61,405,-105
8085,576,-1760,-504,-66,450,-87
8090,504,-1792,-480,-63,485,-70
8095,408,-1856,-472,-51,511,-49
8100,296,-1872,-408,-29,534,-22
8105,184,-1904,-360,1,552,2
8110,112,-1952,-336,37,566,24
8115,8,-2000,-392,67,574,39
8120,40,-2000,-320,92,571,46
8125,8,-2048,-296,105,560,50
8130,0,-2056,-312,106,545,52
8135,0,-2056,-344,93,529,47
8140,72,-2048,-368,67,514,46
8145,120,-2024,-328,33,506,45
8150,184,-2024,-360,-3,504,46
8155,200,-1952,-376,-38,507,44
8160,224,-1904,-376,-69,513,47
8165,288,-1864,-328,-92,523,52
8170,296,-1752,-320,-104,543,61
8175,384,-1768,-304,-107,567,71
8180,328,-1728,-272,-98,598,83
8185,384,-1720,-224,-85,627,98
8190,352,-1672,-232,-72,662,115
8195,328,-1696,-192,-58,700,129
8200,288,-1680,-192,-42,735,142
8205,224,-1672,-160,-31,766,156
8210,184,-1688,-128,-26,791,168
8215,128,-1744,-104,-24,805,181
8220,104,-1784,-128,-20,812,193
8225,72,-1840,-176,-25,812,204
8230,40,-1816,-184,-35,805,229
8235,32,-1840,-128,-59,796,230
8240,8,-1880,-144,-85,788,217
8245,24,-1888,-136,-112,777,202
8250,8,-1912,-152,-133,764,184
8255,8,-1928,-112,-145,748,168
8260,16,-1920,-88,-144,730,158
8265,32,-1920,-104,-134,710,145
8270,40,-1920,-72,-122,693,127
8275,32,-1912,-72,-107,674,114
8280,8,-1880,-40,-86,656,106
8285,24,-1832,-24,-66,640,100
8290,16,-1808,-40,-48,625,95
8295,48,-1784,-24,-35,612,91
8300,64,-1760,-24,-30,597,88
8305,96,-1768,-8,-30,582,86
8310,144,-1776,8,-34,568,83
8315,136,-1768,32,-46,558,80
8320,168,-1784,24,-58,548,75
8325,208,-1768,16,-63,537,69
8330,224,-1776,32,-74,527,64
8335,208,-1832,72,-89,519,60
8340,208,-1816,32,-101,511,54
8345,176,-1840,40,-109,505,53
8350,184,-1872,24,-116,504,49
8355,160,-1856,24,-121,502,47
8360,152,-1864,56,-127,508,42
8365,136,-1912,48,-131,513,37
8370,96,-1928,40,-136,520,31
8375,96,-1896,-16,-143,528,25
8380,112,-1904,32,-152,531,20
8385,64,-1912,24,-159,532,14
8390,64,-1904,40,-165,533,10
8395,112,-1920,56,-166,531,6
8400,80,-1912,48,-165,529,7
8405,72,-1888,48,-163,526,10
8410,64,-1872,56,-162,519,15
8415,96,-1880,40,-158,513,18
8420,80,-1872,48,-154,509,22
8425,96,-1928,16,-149,504,22
8430,88,-1888,32,-147,495,23
8435,96,-1920,32,-147,484,24
8440,40,-1904,0,-147,471,22
8445,40,-1936,32,-145,458,21
8450,32,-1968,16,-141,445,18
8455,0,-1976,32,-139,431,17
8460,-16,-2008,64,-136,418,15
8465,-64,-2024,48,-136,402,13
8470,-56,-2032,40,-134,387,12
8475,-88,-2024,64,-133,371,12
8480,-96,-2048,64,-131,356,14
8485,-72,-2040,96,-129,341,13
8490,-72,-2072,80,-125,330,14
8495,-56,-2088,72,-120,319,13
8500,-32,-2096,112,-112,309,10
8505,-16,-2088,152,-99,302,11
8510,0,-2112,152,-84,299,9
8515,56,-2128,184,-68,298,11
8520,64,-2136,192,-53,300,10
8525,120,-2168,208,-39,303,8
8530,168,-2152,256,-22,312,6
8535,208,-2160,224,-1,322,5
8540,240,-2168,272,19,333,6
8545,256,-2160,272,36,345,4
8550,264,-2192,256,52,349,8
8555,216,-2192,184,63,345,23
8560,176,-2208,112,58,334,36
8565,144,-2288,8,38,320,56
8570,72,-2296,-56,12,305,80
8575,-24,-2352,-160,-21,287,104
8580,-96,-2432,-216,-43,278,133
8585,-192,-2544,-232,-49,265,163
8590,-264,-2616,-208,-37,250,192
8595,-288,-2632,-216,3,222,213
8600,-224,-2712,-144,60,194,229
8605,-256,-2736,-168,123,172,255
8610,-184,-2792,-232,188,140,296
8615,-72,-2808,-248,230,86,329
8620,-8,-2816,-272,231,25,346
8625,104,-2784,-336,217,-41,352
8630,208,-2728,-440,191,-107,338
8635,408,-2640,-504,160,-168,294
8640,456,-2600,-552,130,-197,250
8645,536,-2528,-576,116,-175,219
8650,632,-2464,-616,120,-117,196
8655,744,-2384,-672,141,-35,175
8660,816,-2272,-632,169,75,158
8665,888,-2160,-632,194,204,148
8670,920,-2008,-632,209,337,148
8675,968,-1872,-632,197,457,144
8680,928,-1688,-680,172,556,144
8685,920,-1560,-688,139,633,147
8690,840,-1432,-712,102,690,152
8695,840,-1352,-728,69,726,157
8700,744,-1264,-744,42,759,156
8705,696,-1192,-744,26,790,146
8710,600,-1176,-672,22,825,133
8715,520,-1232,-656,23,866,116
8720,480,-1304,-600,27,909,95
8725,368,-1400,-592,29,946,70
8730,328,-1528,-576,20,967,43
8735,232,-1656,-560,-2,970,18
8740,176,-1728,-544,-35,959,-5
8745,64,-1816,-512,-76,930,-19
8750,-8,-1880,-536,-122,883,-29
8755,-32,-1928,-504,-162,827,-32
8760,-64,-1920,-504,-189,766,-34
8765,-112,-1984,-552,-206,705,-36
8770,-128,-1984,-448,-210,645,-35
8775,-136,-2000,-472,-207,591,-34
8780,-128,-1960,-432,-203,545,-34
8785,-56,-2000,-432,-196,505,-38
8790,-32,-1976,-424,-190,470,-45
8795,0,-1960,-432,-190,441,-60
8800,72,-1928,-424,-188,419,-79
8805,184,-1944,-400,-179,401,-104
8810,216,-1944,-384,-166,387,-134
8815,216,-1904,-384,-143,378,-158
8820,264,-1936,-400,-105,380,-161
8825,280,-1920,-312,-55,388,-152
8830,296,-1944,-328,-11,396,-141
8835,288,-1944,-312,20,401,-133
8840,272,-1928,-312,40,401,-127
8845,240,-1928,-296,49,394,-125
8850,208,-1888,-264,50,381,-126
8855,200,-1872,-272,47,366,-128
8860,200,-1880,-248,46,344,-129
8865,184,-1824,-216,48,322,-133
8870,136,-1864,-232,51,300,-140
8875,144,-1848,-240,54,279,-152
8880,128,-1856,-240,59,261,-155
8885,168,-1848,-216,64,244,-154
8890,176,-1856,-200,71,232,-149
8895,232,-1808,-216,73,220,-152
8900,264,-1840,-168,69,211,-156
8905,304,-1832,-160,62,204,-158
8910,360,-1880,-112,56,197,-158
8915,392,-1888,-152,50,193,-160
8920,408,-1896,-152,39,190,-155
8925,432,-1912,-224,25,187,-153
8930,456,-1896,-184,9,187,-146
8935,448,-1864,-208,-9,191,-142
8940,448,-1832,-224,-25,198,-134
8945,432,-1824,-224,-34,209,-129
8950,416,-1800,-208,-35,222,-122
8955,368,-1808,-200,-27,233,-116
8960,352,-1840,-160,-16,240,-115
8965,320,-1848,-176,-2,243,-112
8970,304,-1864,-104,14,245,-108
8975,272,-1880,-80,30,245,-103
8980,208,-1928,-136,43,241,-99
8985,216,-1944,-120,54,233,-97
8990,192,-1960,-88,62,220,-94
8995,192,-1984,-96,66,208,-90
9000,176,-1984,-120,65,196,-85
9005,176,-1984,-104,65,185,-78
9010,160,-2000,-112,62,175,-73
9015,128,-1952,-104,57,161,-68
9020,152,-1928,-96,52,143,-61
9025,176,-1920,-88,49,120,-56
9030,208,-1912,-112,52,94,-49
9035,168,-1888,-88,62,67,-42
9040,224,-1872,-104,73,41,-34
9045,240,-1816,-128,80,15,-28
9050,256,-1800,-104,85,-10,-24
9055,264,-1768,-128,88,-35,-21
9060,288,-1736,-88,92,-57,-17
9065,312,-1712,-80,94,-77,-13
9070,344,-1736,-104,95,-92,-12
9075,352,-1728,-80,94,-102,-11
9080,360,-1688,-64,90,-109,-13
9085,400,-1728,-32,86,-109,-14
9090,400,-1728,-88,81,-108,-18
9095,376,-1768,-80,75,-107,-17
9100,392,-1800,-88,73,-104,-13
9105,424,-1824,-56,72,-102,-8
9110,400,-1872,-80,75,-97,1
9115,448,-1880,-48,84,-90,13
9120,448,-1928,-32,92,-80,22
9125,480,-1960,-8,99,-71,33
9130,480,-1976,-48,102,-61,41
9135,504,-1960,-24,103,-50,46
9140,528,-1976,-24,99,-35,51
9145,504,-1944,-40,91,-18,51
9150,528,-1928,-48,80,1,50
9155,496,-1896,-48,68,20,47
9160,528,-1912,-24,61,40,43
9165,504,-1888,-16,57,60,41
9170,512,-1888,-16,59,80,39
9175,496,-1912,-8,65,97,38
9180,504,-1952,32,73,114,37
9185,480,-1920,24,81,128,33
9190,488,-1944,56,88,140,32
9195,472,-1968,56,93,151,31
9200,464,-1992,120,97,160,32
9205,432,-2000,112,101,168,33
9210,448,-1968,152,102,177,32
9215,456,-1968,160,104,185,32
9220,440,-1984,144,106,195,29
9225,448,-1976,192,105,199,22
9230,464,-1968,176,102,206,19
9235,456,-1936,192,98,211,17
9240,464,-1944,184,95,219,13
9245,448,-1920,208,93,226,10
9250,464,-1904,232,92,232,5
9255,488,-1920,216,91,235,3
9260,488,-1888,216,94,237,-2
9265,488,-1928,224,101,237,-6
9270,488,-1904,232,109,235,-10
9275,480,-1936,288,119,236,-10
9280,480,-1952,248,126,237,-10
9285,456,-1960,200,123,243,-11
9290,456,-1944,152,100,253,-13
9295,440,-2000,80,62,269,-16
9300,480,-2040,-24,18,282,-27
9305,496,-2144,-104,-26,287,-47
9310,536,-2336,-208,-68,283,-74
9315,560,-2496,-312,-106,267,-98
9320,552,-2664,-392,-131,245,-121
9325,544,-2832,-408,-116,224,-140
9330,560,-2960,-456,-51,210,-162
9335,584,-2992,-440,46,217,-182
9340,608,-3000,-480,131,247,-212
9345,576,-2944,-528,178,305,-241
9350,568,-2856,-576,175,399,-265
9355,472,-2720,-648,122,515,-279
9360,528,-2688,-752,54,631,-281
9365,440,-2624,-640,-5,722,-282
9370,376,-2560,-648,-34,766,-282
9375,336,-2480,-592,-28,768,-285
9380,256,-2408,-544,9,736,-286
9385,168,-2336,-488,71,678,-285
9390,48,-2240,-472,135,608,-284
9395,-64,-2128,-464,184,539,-283
9400,-248,-1992,-488,211,472,-276
9405,-360,-1864,-480,215,408,-264
9410,-408,-1760,-496,199,346,-248
9415,-488,-1624,-496,173,275,-224
9420,-504,-1536,-472,148,197,-195
9425,-480,-1464,-448,125,109,-163
9430,-472,-1448,-472,109,20,-128
9435,-456,-1400,-464,95,-63,-94
9440,-416,-1448,-456,88,-137,-63
9445,-352,-1448,-464,81,-202,-36
9450,-280,-1504,-464,78,-250,-14
9455,-216,-1544,-488,78,-280,0
9460,-112,-1656,-448,72,-288,8
9465,32,-1664,-504,65,-274,5
9470,168,-1760,-504,57,-234,-3
9475,280,-1808,-464,46,-176,-17
9480,384,-1840,-448,30,-108,-41
9485,448,-1832,-504,9,-31,-63
9490,528,-1816,-488,-21,44,-86
9495,576,-1824,-480,-59,116,-107
9500,600,-1800,-480,-93,191,-119
9505,640,-1784,-448,-119,263,-124
9510,632,-1800,-424,-140,330,-125
9515,584,-1840,-400,-148,389,-125
9520,536,-1888,-368,-143,440,-120
9525,440,-1904,-360,-132,478,-112
9530,376,-1904,-304,-115,502,-96
9535,272,-1960,-320,-90,516,-72
9540,200,-2032,-288,-63,511,-43
9545,104,-2032,-272,-37,493,-16
9550,48,-2024,-280,-14,465,8
9555,-8,-2048,-320,0,435,33
9560,-8,-2040,-280,5,406,56
9565,-16,-2008,-304,-2,384,68
9570,8,-1976,-312,-19,367,74
9575,40,-1928,-272,-42,363,79
9580,80,-1912,-312,-69,368,81
9585,136,-1848,-296,-92,377,78
9590,176,-1808,-320,-113,391,71
9595,200,-1768,-280,-125,408,70
9600,240,-1760,-224,-128,423,74
9605,232,-1728,-208,-122,440,84
9610,288,-1720,-160,-109,457,99
9615,280,-1752,-120,-95,465,111
9620,272,-1800,-120,-84,466,120
9625,224,-1816,-112,-77,470,134
9630,160,-1824,-144,-74,474,149
9635,144,-1896,-136,-67,475,163
9640,144,-1944,-176,-66,481,179
9645,112,-1952,-152,-71,487,187
9650,96,-1968,-96,-78,489,188
9655,104,-1960,-160,-88,491,183
9660,96,-1984,-168,-92,490,174
9665,80,-1984,-144,-92,487,165
9670,56,-1976,-104,-93,482,156
9675,56,-1952,-104,-91,474,150
9680,56,-1912,-64,-91,464,145
9685,16,-1896,-72,-88,453,144
9690,24,-1880,-72,-86,442,143
9695,16,-1872,-80,-81,429,143
9700,0,-1840,-40,-73,415,144
9705,40,-1848,-48,-66,403,144
9710,56,-1824,-40,-59,392,146
9715,64,-1840,-16,-52,381,144
9720,80,-1856,8,-47,372,140
9725,128,-1848,-16,-46,368,129
9730,176,-1848,24,-46,364,113
9735,232,-1848,8,-45,366,97
9740,216,-1832,16,-45,372,79
9745,288,-1832,24,-44,382,65
9750,312,-1800,-8,-46,394,43
9755,288,-1792,32,-49,409,23
9760,312,-1800,40,-48,425,7
9765,280,-1760,-16,-43,442,-5
9770,288,-1768,-8,-37,458,-14
9775,280,-1800,24,-24,473,-18
9780,280,-1792,-8,-9,482,-19
9785,232,-1816,-24,2,492,-19
9790,176,-1848,-16,11,498,-17
9795,224,-1920,16,24,500,-12
9800,160,-1912,16,40,502,-4
9805,120,-1968,8,58,505,4
9810,48,-2000,32,73,499,10
9815,32,-2032,48,84,488,15
9820,-32,-2048,24,94,464,21
9825,-40,-2064,32,95,437,27
9830,-96,-2072,24,96,411,40
9835,-152,-2032,16,94,379,54
9840,-152,-2032,8,86,346,61
9845,-232,-2048,16,84,318,71
9850,-168,-2040,-24,90,295,81
9855,-160,-2032,48,105,274,88
9860,-128,-2016,0,124,257,90
9865,-96,-2016,40,142,242,90
9870,-56,-2032,56,159,228,88
9875,-24,-2048,112,171,216,86
9880,-8,-2032,152,183,206,84
9885,32,-2064,160,192,198,83
9890,80,-2024,176,199,193,86
9895,96,-2056,192,199,188,89
9900,96,-2024,144,195,180,93
9905,152,-2048,184,183,169,97
9910,168,-2056,152,163,154,103
9915,176,-2072,104,135,137,111
9920,144,-2120,48,109,121,119
9925,160,-2208,-40,86,103,131
9930,136,-2320,-136,70,86,141
9935,120,-2448,-208,60,67,156
9940,40,-2552,-272,62,55,169
9945,56,-2752,-304,74,50,189
9950,64,-2896,-312,104,57,213
9955,-32,-2960,-304,143,63,230
9960,-24,-2976,-344,192,63,243
9965,-24,-2976,-344,234,51,265
9970,8,-2944,-392,254,19,282
9975,104,-2848,-448,244,-36,289
9980,120,-2704,-472,218,-100,279
9985,176,-2616,-528,190,-161,260
9990,216,-2488,-568,170,-207,240
9995,248,-2400,-608,161,-228,222
10000,312,-2264,-656,152,-217,199
10005,344,-2128,-696,143,-167,173
10010,432,-2032,-680,137,-76,150
10015,512,-1904,-672,130,43,132
10020,616,-1752,-704,119,175,119
10025,696,-1608,-696,101,309,107
10030,840,-1504,-744,79,432,96
10035,880,-1440,-744,54,536,86
10040,968,-1320,-768,35,611,73
10045,1024,-1272,-752,24,663,61
10050,1032,-1224,-760,12,709,51
10055,1016,-1216,-728,12,743,40
10060,944,-1224,-600,31,766,30
10065,856,-1320,-568,66,787,33
10070,648,-1384,-504,107,816,34
10075,456,-1520,-416,131,842,42
10080,280,-1624,-368,130,852,65
10085,128,-1792,-320,88,839,80
10090,-32,-1928,-304,9,805,86
10095,-184,-2048,-256,-90,758,85
10100,-368,-2144,-240,-195,692,81
10105,-440,-2216,-200,-294,602,76
10110,-536,-2328,-200,-369,499,73
10115,-544,-2344,-248,-411,390,65
10120,-488,-2360,-304,-436,302,54
10125,-360,-2360,-344,-440,257,38
10130,-184,-2376,-304,-416,247,13
10135,16,-2320,-352,-348,249,-36
10140,168,-2248,-352,-254,252,-94
10145,344,-2168,-336,-161,257,-147
10150,488,-2104,-312,-70,265,-191
10155,576,-2024,-288,27,282,-230
10160,672,-1912,-296,107,303,-260
10165,720,-1816,-288,152,336,-273
10170,672,-1720,-224,165,376,-276
10175,696,-1672,-216,145,415,-270
10180,656,-1576,-232,96,457,-250
10185,568,-1536,-264,29,490,-224
10190,488,-1536,-208,-40,512,-192
10195,376,-1552,-176,-100,524,-164
10200,352,-1608,-176,-143,522,-142
10205,184,-1648,-168,-165,510,-135
10210,128,-1664,-160,-180,490,-138
10215,48,-1688,-144,-189,466,-146
10220,24,-1744,-152,-196,439,-158
10225,16,-1808,-128,-204,412,-173
10230,16,-1792,-144,-211,382,-196
10235,16,-1816,-168,-210,353,-224
10240,24,-1824,-128,-201,330,-258
10245,56,-1808,-152,-192,306,-283
10250,104,-1848,-104,-191,285,-293
10255,136,-1848,-96,-194,266,-303
10260,232,-1912,-80,-193,247,-312
10265,320,-1920,-104,-196,228,-326
10270,368,-1872,-104,-204,214,-333
10275,360,-1912,-208,-216,209,-331
10280,408,-1880,-136,-228,209,-321
10285,416,-1856,-128,-233,212,-300
10290,456,-1872,-128,-233,217,-273
10295,456,-1864,-112,-214,225,-246
10300,472,-1864,-88,-176,242,-221
10305,456,-1840,-80,-132,264,-194
10310,464,-1808,-80,-92,281,-173
10315,432,-1776,-96,-64,292,-156
10320,472,-1792,-88,-50,295,-136
10325,440,-1776,-64,-35,301,-127
10330,416,-1728,-120,-28,310,-117
10335,440,-1784,-96,-43,315,-104
10340,408,-1776,-80,-62,326,-98
10345,408,-1808,-80,-85,333,-100
10350,400,-1832,-56,-102,338,-102
10355,416,-1864,-56,-110,341,-106
10360,360,-1864,-64,-101,347,-108
10365,376,-1904,-64,-96,343,-110
10370,352,-1928,-56,-100,330,-112
10375,344,-1912,-48,-107,313,-114
10380,352,-1936,-8,-112,299,-112
10385,344,-1888,0,-107,296,-107
10390,320,-1864,-40,-94,301,-98
10395,272,-1856,-48,-84,309,-86
10400,272,-1848,-32,-87,310,-75
10405,240,-1816,-8,-83,306,-66
10410,272,-1800,0,-83,294,-53
10415,264,-1792,-16,-84,276,-46
10420,256,-1808,-16,-80,251,-42
10425,232,-1800,-24,-77,224,-38
10430,248,-1832,-16,-80,192,-32
10435,216,-1792,-24,-84,161,-27
10440,224,-1856,8,-85,131,-17
10445,248,-1880,32,-77,104,-10
10450,264,-1888,48,-62,79,-3
10455,296,-1936,56,-41,55,4
10460,304,-1960,64,-13,31,5
10465,368,-2008,56,9,4,-1
10470,360,-1992,64,24,-23,-10
10475,376,-2000,104,28,-54,-21
10480,376,-1968,96,22,-86,-32
10485,424,-2024,128,15,-116,-37
10490,408,-2008,112,8,-149,-37
10495,424,-2016,152,6,-171,-35
10500,456,-2048,144,3,-188,-28
10505,448,-2048,144,5,-201,-18
10510,464,-2072,160,7,-211,-2
10515,496,-2040,176,10,-215,11
10520,560,-2040,184,15,-209,24
10525,624,-2040,208,24,-194,39
10530,696,-1992,192,39,-171,49
10535,800,-2056,176,54,-143,57
10540,856,-2008,136,59,-108,60
10545,976,-2016,72,51,-63,56
10550,1008,-2024,40,29,-14,52
10555,1104,-2040,56,4,41,43
10560,1112,-2048,-8,-18,103,35
10565,1160,-2104,-48,-35,173,32
10570,1144,-2184,-64,-47,244,34
10575,1128,-2256,-88,-55,318,46
10580,1088,-2312,-104,-70,385,61
10585,1040,-2408,-176,-95,446,76
10590,1000,-2480,-224,-128,498,92
10595,920,-2584,-264,-165,543,104
10600,816,-2648,-312,-199,582,115
10605,768,-2760,-296,-220,612,123
10610,688,-2824,-304,-213,633,123
10615,584,-2952,-256,-175,654,115
10620,480,-3016,-256,-101,668,87
10625,472,-3032,-304,-15,679,49
10630,312,-3024,-304,46,696,-9
10635,232,-2984,-320,99,717,-53
10640,160,-2912,-384,145,741,-64
10645,168,-2848,-464,160,757,-59
10650,80,-2768,-568,141,756,-52
10655,56,-2696,-696,104,731,-39
10660,40,-2656,-712,62,662,-56
10665,-112,-2536,-880,41,563,-72
10670,-168,-2464,-984,34,452,-51
10675,-144,-2320,-1040,46,342,-30
10680,-144,-2256,-1064,72,238,-20
10685,-160,-2120,-1072,110,141,-10
10690,-152,-2024,-1088,151,48,3
10695,-168,-1880,-1136,195,-34,16
10700,-240,-1776,-1136,234,-105,29
10705,-256,-1720,-1112,263,-164,43
10710,-360,-1616,-1120,290,-221,56
10715,-360,-1632,-1128,316,-279,73
10720,-416,-1648,-1104,345,-332,91
10725,-488,-1680,-1064,371,-385,112
10730,-520,-1704,-1032,384,-438,129
10735,-544,-1760,-936,384,-485,141
10740,-568,-1808,-848,375,-519,139
10745,-544,-1912,-728,366,-539,123
10750,-544,-1976,-648,358,-539,96
10755,-488,-2032,-584,338,-520,64
10760,-440,-2072,-536,301,-495,37
10765,-312,-2144,-528,250,-474,11
10770,-184,-2184,-472,194,-446,-20
10775,-48,-2176,-480,141,-425,-44
10780,96,-2144,-464,102,-398,-56
10785,248,-2136,-488,72,-365,-61
10790,384,-2096,-472,46,-323,-51
10795,512,-2048,-496,23,-289,-31
10800,552,-2040,-488,8,-255,-1
10805,568,-1976,-440,-1,-228,42
10810,576,-1936,-432,-2,-214,90
10815,600,-1936,-360,11,-210,162
10820,728,-1872,-448,34,-204,228
10825,688,-1832,-416,48,-176,244
10830,568,-1792,-360,60,-140,248
10835,496,-1784,-328,76,-101,259
10840,392,-1736,-328,92,-57,274
10845,312,-1768,-232,105,-9,283
10850,200,-1720,-192,127,37,281
10855,168,-1720,-176,146,81,269
10860,88,-1712,-160,153,131,256
10865,32,-1776,-176,145,181,252
10870,-32,-1800,-168,137,222,255
10875,-80,-1856,-112,139,249,254
10880,-128,-1864,-128,149,263,248
10885,-152,-1872,-128,157,272,247
10890,-176,-1872,-128,162,279,256
10895,-160,-1872,-168,168,282,273
10900,-136,-1888,-168,174,283,289
10905,-96,-1880,-184,180,285,303
10910,-64,-1808,-184,182,288,311
10915,-56,-1744,-248,176,294,316
10920,24,-1736,-232,162,297,317
10925,32,-1696,-216,147,301,310
10930,128,-1624,-232,133,300,302
10935,40,-1584,-256,126,301,284
10940,232,-1544,-256,135,292,280
10945,264,-1512,-248,155,294,253
10950,256,-1432,-264,171,301,223
10955,296,-1400,-288,183,305,207
10960,400,-1384,-288,196,329,184
10965,336,-1336,-256,194,375,133
10970,272,-1320,-240,182,423,86
10975,224,-1336,-272,158,463,51
10980,40,-1296,-200,132,488,18
10985,-24,-1304,-264,107,496,10
10990,-128,-1296,-248,78,498,18
10995,-168,-1288,-264,54,495,28
11000,-264,-1272,-280,27,491,40
11005,-296,-1344,-296,0,485,59
11010,-352,-1384,-248,-15,481,77
11015,-376,-1392,-200,-15,476,83
11020,-344,-1368,-232,-9,469,75
11025,-360,-1352,-208,-7,462,56
11030,-416,-1336,-256,-12,453,25
11035,-368,-1296,-296,-19,440,-14
11040,-336,-1272,-264,-24,425,-65
11045,-288,-1248,-288,-37,411,-109
11050,-240,-1216,-296,-48,398,-154
11055,-184,-1192,-336,-51,390,-195
11060,-112,-1168,-344,-48,383,-232
11065,-64,-1168,-376,-45,380,-275
11070,-32,-1216,-376,-41,381,-315
11075,8,-1160,-328,-19,387,-337
11080,40,-1168,-360,16,402,-357
11085,32,-1160,-352,53,416,-375
11090,8,-1144,-392,88,427,-380
11095,32,-1136,-272,121,441,-380
11100,-24,-1096,-296,139,450,-378
11105,-88,-1048,-272,138,453,-382
11110,-152,-1040,-264,123,450,-394
11115,-176,-1032,-240,98,443,-417
11120,-248,-1048,-176,77,432,-445
11125,-312,-1008,-160,64,423,-479
11130,-328,-1048,-112,61,412,-518
11135,-368,-1064,-152,69,403,-549
11140,-424,-1096,-168,94,408,-586
11145,-448,-1152,-200,132,419,-612
11150,-416,-1104,-232,161,430,-644
11155,-416,-1128,-232,183,448,-702
11160,-448,-1096,-248,200,478,-762
11165,-528,-1048,-320,192,490,-767
11170,-408,-1056,-344,170,477,-753
11175,-304,-1024,-408,140,455,-772
11180,-168,-960,-480,109,448,-817
11185,-72,-888,-504,63,477,-835
11190,24,-840,-520,9,522,-840
11195,120,-728,-600,-35,559,-868
11200,144,-672,-560,-91,600,-881
11205,176,-552,-656,-103,620,-968
11210,160,-456,-744,-103,652,-1052
11215,160,-336,-888,-121,717,-1081
11220,224,-280,-1024,-161,812,-1064
11225,208,-152,-1184,-213,921,-1032
11230,136,-192,-1296,-286,1020,-992
11235,144,-232,-1320,-359,1108,-950
11240,120,-312,-1304,-398,1183,-899
11245,136,-384,-1272,-397,1245,-846
11250,160,-512,-1264,-376,1279,-786
11255,200,-688,-1176,-338,1286,-708
11260,168,-888,-1144,-297,1269,-628
11265,96,-1112,-1128,-289,1220,-555
11270,96,-1400,-992,-326,1140,-491
11275,-16,-1688,-864,-377,1047,-433
11280,-112,-1896,-816,-448,937,-376
11285,-280,-2104,-752,-536,803,-320
11290,-368,-2320,-680,-627,659,-264
11295,-752,-2448,-672,-688,498,-203
11300,-920,-2480,-704,-689,258,-134
11305,-992,-2456,-800,-631,9,-79
11310,-856,-2440,-744,-533,-194,-62
11315,-728,-2344,-776,-357,-332,-93
11320,-552,-2096,-848,-132,-412,-147
11325,-440,-1736,-832,50,-427,-189
11330,-248,-1488,-760,162,-382,-221
11335,-32,-1136,-616,197,-259,-274
11340,96,-712,-424,193,-73,-334
11345,248,-288,-256,184,143,-371
11350,392,120,-224,161,378,-387
11355,464,392,-216,88,615,-399
11360,528,648,-224,-19,842,-400
11365,792,800,-232,-98,1046,-353
11370,912,856,-296,-134,1214,-304
11375,944,832,-344,-157,1310,-303
11380,872,648,-352,-192,1307,-334
11385,816,400,-288,-253,1214,-376
11390,808,40,-256,-327,1081,-413
11395,776,-312,-272,-368,964,-451
11400,776,-528,-376,-386,869,-497
11405,768,-768,-408,-395,806,-564
11410,848,-1048,-312,-386,785,-637
11415,992,-1304,-312,-323,820,-708
11420,1024,-1600,-112,-203,916,-778
11425,1024,-1824,-40,-13,1040,-851
11430,960,-2024,120,221,1172,-930
11435,888,-2128,424,465,1297,-1012
11440,760,-2216,656,725,1393,-1084
11445,624,-2304,880,1005,1460,-1174
11450,528,-2392,1016,1280,1476,-1262
11455,568,-2352,912,1499,1444,-1355
11460,480,-2072,720,1631,1355,-1480
11465,272,-1672,456,1685,1228,-1595
11470,144,-1248,64,1658,1096,-1664
11475,-48,-1056,-80,1544,1009,-1692
11480,-144,-832,-80,1390,939,-1709
11485,-232,-664,280,1242,894,-1702
11490,-224,-552,568,1170,856,-1684
11495,-112,-544,688,1181,807,-1657
11500,24,-616,712,1229,739,-1649
11505,328,-888,504,1289,663,-1706
11510,768,-1368,16,1403,615,-1793
11515,1680,-2432,-560,1594,660,-1865
11520,2584,-3536,-624,1862,886,-1976
11525,4224,-5752,336,2240,1249,-2181
11530,6336,-8784,1080,2790,1525,-2576
11535,9224,-12552,1904,3301,1411,-3180
11540,13096,-15568,1176,3403,761,-4053
11545,15296,-15928,-168,2875,65,-4905
11550,16504,-14840,-1544,2167,-107,-4835
11555,14096,-12104,-1328,1908,206,-3618
11560,8944,-7936,200,2386,516,-2139
11565,5800,-4800,1520,3332,496,-1277
11570,2800,-3152,2192,4021,366,-1284
11575,272,-2096,2024,3972,131,-1707
11580,-2008,-1392,1488,2877,-458,-2437
11585,-2928,-368,1368,858,-1546,-3051
11590,-2744,312,1120,-1354,-2737,-3397
11595,-2088,600,848,-3234,-3609,-3467
11600,-1264,40,408,-4587,-3997,-3357
11605,-448,-616,-24,-5314,-3928,-3229
11610,592,-1248,-224,-5391,-3585,-3145
11615,1448,-1712,-256,-4930,-3157,-3111
11620,2160,-2288,-136,-4058,-2733,-3110
11625,2280,-2608,-120,-2900,-2345,-3070
11630,2048,-2720,-200,-1717,-2059,-2976
11635,1696,-2488,-336,-719,-1875,-2923
11640,1480,-2240,-408,-49,-1743,-2956
11645,1192,-1784,-328,269,-1630,-3060
11650,1008,-1456,-168,280,-1548,-3214
11655,976,-1136,0,120,-1508,-3443
11660,864,-920,200,-90,-1468,-3610
11665,672,-680,352,-256,-1454,-3746
11670,312,-416,432,-342,-1472,-3827
11675,-192,-184,344,-359,-1528,-3885
11680,-752,56,448,-339,-1641,-3936
11685,-1312,272,496,-300,-1823,-3968
11690,-1672,400,536,-259,-1982,-3967
11695,-1960,400,472,-223,-2119,-3942
11700,-2056,432,360,-221,-2230,-3899
11705,-1912,408,160,-282,-2331,-3856
11710,-1760,352,-8,-428,-2441,-3808
11715,-1480,296,-64,-569,-2583,-3750
11720,-904,216,-120,-669,-2726,-3683
11725,-352,56,-56,-703,-2789,-3576
11730,336,72,0,-674,-2809,-3483
11735,912,32,160,-612,-2733,-3355
11740,1632,56,296,-535,-2588,-3215
11745,2376,168,376,-427,-2374,-3080
11750,3000,160,488,-296,-2101,-2911
11755,3384,248,488,-113,-1798,-2738
11760,3568,272,536,79,-1479,-2594
11765,3624,208,512,202,-1161,-2513
11770,3640,16,448,231,-794,-2478
11775,3248,-160,352,234,-307,-2496
11780,2360,-296,0,244,215,-2554
11785,1680,-208,-208,184,615,-2563
11790,864,-192,-336,49,850,-2516
11795,272,-192,-376,-83,993,-2422
11800,-136,-184,-616,-181,1113,-2301
11805,-496,56,-1056,-277,1232,-2193
11810,-616,352,-1312,-470,1313,-2117
11815,56,632,-1488,-685,1404,-1999
11820,880,896,-1200,-830,1562,-1939
11825,1584,1176,-912,-862,1715,-1926
11830,2360,1560,-624,-829,1828,-1957
11835,3256,2064,-536,-835,2052,-2037
11840,3728,2232,-224,-971,2385,-2054
11845,5096,2464,-736,-1084,2489,-1911
11850,6664,2128,-2064,-1058,2140,-1822
11855,7424,2064,-3112,-897,1618,-2032
11860,7712,1848,-3616,-902,1423,-2342
11865,7256,1168,-3208,-1108,1582,-2450
11870,6296,872,-2800,-1181,1568,-2324
11875,5912,896,-2448,-1120,1323,-2139
11880,5896,1000,-2448,-995,1160,-2055
11885,5536,1096,-2200,-894,1259,-2045
11890,4520,1128,-1456,-733,1421,-1975
11895,3656,1200,-960,-499,1441,-1902
11900,2928,1064,-472,-286,1382,-1827
11905,2488,992,-176,-91,1283,-1741
11910,2080,872,88,90,1125,-1637
11915,1912,760,160,237,921,-1527
11920,1752,688,248,352,699,-1418
11925,1568,560,272,448,477,-1293
11930,1488,536,256,531,254,-1134
11935,1592,368,208,594,51,-967
11940,1688,312,200,652,-64,-860
11945,1776,232,72,704,-65,-805
11950,1768,256,48,738,37,-791
11955,1448,272,160,739,189,-764
11960,1216,240,296,736,298,-662
11965,1088,368,392,682,320,-555
11970,936,544,448,555,275,-476
11975,888,648,488,351,200,-393
11980,784,776,560,104,119,-298
11985,656,784,656,-138,64,-192
11990,696,784,600,-326,57,-69
11995,776,712,552,-499,92,36
12000,776,680,456,-643,153,110
12005,880,568,392,-752,215,153
12010,848,496,344,-791,260,168
12015,824,488,312,-734,276,185
12020,712,488,272,-591,272,204
12025,672,584,216,-401,255,225
12030,552,728,248,-205,224,248
12035,488,912,256,-12,181,259
12040,504,1104,312,140,124,280
12045,640,1304,328,230,45,321
12050,680,1384,424,248,-62,373
12055,840,1480,400,221,-171,439
12060,1104,1504,344,182,-249,523
12065,1296,1576,168,131,-293,569
12070,1472,1648,0,49,-294,570
12075,1672,1640,-104,-54,-241,552
12080,1768,1576,-72,-136,-137,506
12085,2016,1600,-224,-151,-23,466
12090,2008,1568,-288,-175,102,429
12095,1976,1320,-144,-186,241,423
12100,2168,1352,-208,-134,349,467
12105,2152,1424,-136,-118,404,465
12110,2272,1472,-88,-146,424,482
12115,2424,1448,-56,-188,407,545
12120,2488,1504,16,-231,363,596
12125,2512,1496,128,-242,306,633
12130,2504,1472,104,-176,233,662
12135,2544,1504,48,-77,137,681
12140,2592,1464,-64,16,45,672
12145,2592,1400,-144,59,-22,619
12150,2528,1288,-176,79,-65,587
12155,2512,1136,-120,104,-83,576
12160,2360,1024,-176,163,-76,571
12165,2248,920,-160,259,-51,563
12170,2168,888,-112,368,-11,549
12175,2048,824,-64,461,30,539
12180,1976,720,-8,539,45,542
12185,1896,696,32,594,19,531
12190,1848,616,0,615,-36,497
12195,1784,544,40,632,-94,465
12200,1752,512,0,693,-143,460
12205,1680,464,-56,777,-182,473
12210,1680,472,-112,824,-229,465
12215,1648,424,-48,786,-286,412
12220,1640,336,56,735,-340,379
12225,1712,312,72,699,-389,377
12230,1768,272,120,665,-435,370
12235,1808,256,88,652,-469,380
12240,1936,232,56,653,-483,398
12245,2008,224,16,642,-474,413
12250,2088,200,-16,635,-436,445
12255,2128,256,-96,619,-374,488
12260,2112,264,-168,594,-274,536
12265,2032,344,-208,559,-185,581
12270,2008,432,-240,500,-125,608
12275,1976,512,-232,409,-88,620
12280,1928,592,-216,316,-58,617
12285,1904,664,-144,224,-29,610
12290,1896,696,-112,166,-5,601
12295,1872,696,-144,116,10,590
12300,1840,640,-128,63,17,573
12305,1792,592,-184,10,12,555
12310,1768,544,-120,-34,-1,530
12315,1792,440,-168,-59,-23,500
12320,1848,280,-192,-73,-37,472
12325,1832,160,-192,-75,-41,447
12330,1840,40,-184,-59,-40,430
12335,1880,0,-208,-29,-39,418
12340,1968,-144,-192,14,-38,402
12345,2040,-232,-184,69,-38,377
12350,2144,-248,-216,124,-38,346
12355,2144,-232,-144,176,-52,309
12360,2192,-208,-216,218,-82,261
12365,2248,-152,-208,247,-116,203
12370,2280,-40,-272,260,-148,146
12375,2304,48,-368,261,-183,97
12380,2272,152,-336,255,-217,51
12385,2240,192,-392,246,-240,7
12390,2216,280,-424,227,-257,-34
12395,2200,312,-416,203,-269,-68
12400,2168,312,-448,189,-263,-98
12405,2128,304,-432,189,-247,-118
12410,2072,328,-448,204,-235,-128
12415,2112,312,-464,229,-233,-132
12420,2072,296,-488,261,-240,-137
12425,2080,200,-528,298,-252,-124
12430,2048,160,-496,327,-260,-103
12435,2040,128,-496,339,-272,-85
12440,2056,96,-472,329,-286,-75
12445,2048,56,-424,301,-296,-75
12450,1976,24,-408,266,-303,-82
12455,1944,56,-440,220,-317,-78
12460,2008,80,-448,160,-329,-75
12465,2032,104,-448,93,-330,-90
12470,2096,136,-488,34,-324,-109
12475,2112,184,-504,-4,-319,-124
12480,2104,208,-504,-23,-315,-139
12485,2088,200,-472,-26,-306,-152
12490,2088,256,-544,-23,-290,-163
12495,2064,296,-528,-25,-260,-174
12500,2040,296,-504,-25,-217,-182
12505,2008,304,-520,-28,-174,-186
12510,2000,320,-512,-30,-132,-187
12515,2008,360,-480,-35,-92,-187
12520,2000,328,-488,-36,-57,-184
12525,1992,368,-464,-33,-31,-181
12530,2008,360,-464,-22,-9,-177
12535,1952,424,-496,-14,4,-173
12540,2000,408,-464,-6,10,-167
12545,2024,376,-464,2,17,-168
12550,2016,408,-464,6,20,-169
12555,2056,432,-432,9,24,-163
12560,2064,456,-448,3,22,-161
12565,2064,480,-432,-14,25,-163
12570,2096,448,-432,-35,30,-171
12575,2080,424,-376,-45,33,-173
12580,2032,448,-368,-28,32,-169
12585,2120,472,-384,2,29,-160
12590,2032,488,-440,24,35,-160
12595,2072,544,-488,27,44,-161
12600,2088,560,-448,14,55,-168
12605,2072,592,-440,-18,71,-179
12610,2048,584,-432,-43,83,-183
12615,2016,552,-376,-55,85,-178
12620,2016,552,-360,-59,80,-173
12625,2016,544,-344,-56,70,-165
12630,2016,512,-328,-53,63,-153
12635,2016,504,-376,-55,57,-144
12640,2008,520,-360,-49,55,-135
12645,1992,464,-360,-42,56,-127
12650,2000,512,-328,-32,59,-117
12655,1976,496,-360,-25,62,-109
12660,1992,504,-312,-14,69,-105
12665,1960,512,-352,3,75,-100
12670,1976,480,-336,23,78,-91
12675,1952,504,-336,47,78,-80
12680,1960,520,-328,71,78,-71
12685,1960,512,-320,91,79,-66
12690,1952,520,-328,111,84,-68
12695,1936,528,-296,134,90,-69
12700,1952,560,-280,146,99,-63
12705,1960,528,-352,147,108,-54
12710,1968,528,-312,145,116,-40
12715,1984,512,-296,142,121,-27
12720,1976,528,-272,137,123,-17
12725,1984,520,-272,127,122,-7
12730,1984,512,-288,111,116,3
12735,2000,512,-312,96,109,10
12740,2016,480,-304,87,98,17
12745,2000,480,-296,79,85,23
12750,2024,480,-296,72,70,26
12755,2040,464,-352,66,54,25
12760,2016,488,-320,62,44,23
12765,1984,496,-328,60,38,22
12770,2016,488,-352,57,35,21
12775,2016,480,-328,54,36,20
12780,2008,472,-336,56,37,23
12785,2040,472,-368,62,43,23
12790,2040,440,-424,70,51,23
12795,2024,448,-408,71,58,20
12800,2040,440,-376,75,63,19
12805,2024,408,-384,79,59,22
12810,2040,408,-424,83,56,22
12815,2056,392,-376,85,54,19
12820,2024,480,-392,91,55,16
12825,2048,472,-368,100,58,14
12830,2024,456,-376,105,64,14
12835,2024,480,-376,108,69,14
12840,2024,472,-408,108,77,16
12845,2040,432,-360,104,86,16
12850,2032,448,-376,93,93,18
12855,2024,440,-352,82,98,20
12860,2008,472,-328,71,100,19
12865,2008,416,-296,59,98,22
12870,1992,456,-328,47,96,22
12875,1992,432,-312,41,93,21
12880,1984,392,-296,35,91,15
12885,1976,416,-320,30,91,11
12890,1984,424,-328,26,91,6
12895,1984,384,-336,24,95,2
12900,1984,400,-312,24,98,0
12905,2000,392,-328,24,103,-3
12910,2000,432,-352,23,109,-8
12915,2008,424,-328,20,115,-15
12920,2048,376,-344,15,121,-19
12925,2000,440,-328,11,126,-24
12930,2016,432,-288,6,131,-28
12935,2008,448,-296,1,134,-30
12940,2000,440,-304,-5,137,-33
12945,2024,424,-288,-8,142,-35
12950,2024,432,-304,-11,145,-38
12955,2008,464,-320,-12,148,-38
12960,2040,488,-336,-14,152,-39
12965,2040,472,-304,-16,155,-38
12970,2016,440,-296,-16,157,-37
12975,1968,464,-248,-17,158,-37
12980,2032,480,-320,-21,156,-36
12985,2016,456,-296,-28,157,-36
12990,2016,424,-320,-32,158,-38
12995,2008,456,-280,-33,162,-35
13000,2008,432,-288,-26,160,-35
13005,1968,440,-248,-16,159,-38
13010,1984,456,-280,-6,158,-41
13015,1968,456,-248,1,156,-44
13020,1968,448,-248,7,157,-44
13025,1984,448,-280,8,160,-45
13030,1976,440,-256,6,166,-46
13035,1968,448,-232,5,173,-47
13040,2000,440,-224,3,180,-47
13045,1992,440,-232,-2,186,-48
13050,2008,456,-240,-5,191,-50
13055,1992,472,-232,-7,196,-52
13060,1984,464,-264,-11,199,-53
13065,2008,424,-216,-12,199,-54
13070,2008,456,-200,-13,198,-58
13075,2016,464,-232,-13,191,-60
13080,2008,424,-224,-14,182,-61
13085,2016,488,-216,-13,170,-63
13090,2016,480,-176,-7,159,-60
13095,2016,480,-224,-1,149,-57
13100,2016,488,-216,4,140,-54
13105,2016,504,-208,5,132,-53
13110,2024,512,-200,3,122,-51
13115,2024,464,-216,-3,115,-47
13120,1992,496,-184,-9,109,-43
13125,2008,504,-224,-16,102,-42
13130,2008,480,-224,-21,94,-42
13135,1992,456,-176,-25,88,-38
13140,2000,496,-192,-24,81,-34
13145,1992,512,-208,-20,72,-29
13150,2008,496,-200,-11,65,-24
13155,2024,504,-208,1,62,-18
13160,2048,472,-224,16,58,-10
13165,2024,472,-224,33,56,-2
13170,2048,464,-248,50,56,6
13175,2016,472,-272,63,54,6
13180,2024,480,-224,71,51,4
13185,2024,464,-232,75,47,4
13190,2072,448,-272,76,43,2
13195,2008,464,-232,74,39,0
13200,1992,456,-208,70,37,-4
13205,1992,448,-200,67,35,-6
13210,2008,448,-216,66,36,-9
13215,2000,496,-240,65,34,-11
13220,2000,488,-240,68,36,-14
13225,2000,464,-240,71,37,-20
13230,2008,472,-240,73,43,-23
13235,2008,448,-240,77,49,-27
13240,1984,480,-240,83,53,-30
13245,1992,448,-240,91,59,-30
13250,2008,448,-224,99,64,-30
13255,2016,448,-200,108,73,-28
13260,1992,472,-200,117,83,-30
13265,2016,456,-200,125,92,-32
13270,1992,456,-256,130,98,-35
13275,2008,456,-200,129,105,-37
13280,2024,440,-216,131,107,-41
13285,2024,440,-184,135,109,-45
13290,2016,472,-192,138,106,-49
13295,1960,496,-224,135,101,-47
13300,1968,480,-184,125,95,-27
13305,2032,464,-176,115,78,-14
13310,2024,488,-200,107,64,-17
13315,2024,488,-168,101,49,-22
13320,2040,488,-176,95,33,-24
13325,2008,496,-208,92,20,-22
13330,2008,504,-200,91,5,-13
13335,2040,472,-208,88,-5,-9
13340,2040,480,-192,85,-15,-13
13345,2048,448,-208,81,-24,-17
13350,2048,448,-200,80,-27,-24
13355,2032,448,-176,82,-30,-28
13360,2048,456,-232,82,-31,-24
13365,2040,448,-232,83,-29,-19
13370,2024,464,-200,88,-19,-17
13375,2000,456,-232,91,-10,-13
13380,2016,480,-208,88,-6,-4
13385,2008,480,-216,83,-5,0
13390,2024,448,-192,80,-8,3
13395,2024,480,-216,83,-12,3
13400,2016,488,-200,85,-17,5
13405,1992,488,-216,84,-26,6
13410,2032,448,-248,78,-32,7
13415,2000,480,-216,76,-36,2
13420,2024,480,-224,73,-38,-2
13425,2008,488,-192,69,-37,-5
13430,1968,512,-176,64,-41,-3
13435,2016,496,-184,57,-48,2
13440,2016,504,-232,56,-51,2
13445,2016,472,-224,58,-51,2
13450,2008,496,-248,57,-53,7
13455,2016,488,-216,55,-57,10
13460,2024,480,-200,55,-57,11
13465,2008,456,-208,58,-54,12
13470,2016,456,-224,61,-51,16
13475,2016,456,-232,63,-52,19
13480,2024,424,-224,66,-55,18
13485,2016,448,-272,65,-60,10
13490,2048,416,-264,64,-59,2
13495,2016,448,-240,64,-55,-6
13500,2032,416,-224,65,-54,-14
13505,2024,472,-264,65,-55,-18
13510,2000,480,-264,65,-58,-16
13515,2032,544,-264,67,-63,-14
13520,2032,440,-248,74,-64,-14
13525,2024,456,-240,82,-61,-17
13530,2024,440,-280,83,-63,-18
13535,2056,456,-232,83,-59,-23
13540,2040,448,-248,83,-47,-27
13545,2048,464,-216,85,-33,-29
13550,2048,464,-288,90,-22,-30
13555,2040,456,-256,96,-18,-29
13560,1992,480,-224,101,-20,-26
13565,2024,480,-248,104,-25,-24
13570,2000,488,-264,112,-27,-20
13575,2008,480,-248,117,-29,-19
13580,2016,480,-272,115,-34,-18
13585,2000,496,-288,115,-33,-19
13590,2008,480,-256,111,-33,-18
13595,2000,488,-256,109,-27,-19
13600,2016,488,-264,106,-19,-22
13605,2000,472,-272,104,-12,-25
13610,2008,472,-224,100,-11,-23
13615,2024,456,-240,93,-13,-21
13620,2040,488,-248,90,-19,-18
13625,1984,504,-264,89,-26,-17
13630,2016,488,-224,90,-26,-14
13635,2008,480,-232,89,-26,-14
13640,2024,464,-216,88,-27,-13
13645,2016,472,-232,85,-22,-13
13650,2016,448,-216,87,-17,-16
13655,2024,488,-248,86,-17,-13
13660,2016,456,-280,79,-22,-11
13665,2032,456,-248,76,-21,-13
13670,2024,456,-256,78,-19,-15
13675,2008,432,-304,78,-14,-16
13680,2040,424,-240,81,-10,-15
13685,2000,480,-256,86,-9,-18
13690,2016,480,-264,90,-8,-16
13695,2024,456,-264,97,-8,-16
13700,2008,472,-280,106,-4,-16
13705,2016,472,-256,109,1,-18
13710,2032,448,-272,109,7,-18
13715,2040,456,-264,110,12,-18
13720,2024,488,-264,111,12,-18
13725,2024,472,-264,113,10,-19
13730,2024,496,-280,106,10,-18
13735,2032,520,-248,98,9,-16
13740,2008,504,-256,98,8,-14
13745,2008,464,-232,103,4,-13
13750,2024,456,-232,105,1,-12
13755,2016,464,-296,104,1,-12
13760,2024,496,-288,99,4,-15
13765,2016,496,-280,94,6,-12
13770,2016,472,-248,92,10,-14
13775,2008,464,-256,92,14,-14
13780,2008,496,-288,89,16,-12
13785,2024,480,-296,87,18,-10
13790,2040,552,-320,84,22,-12
13795,2016,496,-256,84,25,-10
13800,2016,472,-248,86,25,-4
13805,1984,480,-256,83,20,3
13810,2008,480,-216,80,13,9
13815,1992,496,-264,75,9,13
13820,2016,488,-256,73,9,14
13825,2008,488,-240,71,16,13
13830,2008,480,-208,66,20,13
13835,2016,480,-256,61,20,13
13840,2008,464,-248,57,20,14
13845,1992,488,-248,56,18,14
13850,2040,464,-280,58,20,12
13855,1992,472,-256,60,21,12
13860,2008,480,-264,63,20,14
13865,2024,464,-280,64,23,15
13870,2008,480,-264,66,25,13
13875,2040,464,-248,67,29,13
13880,2024,472,-272,68,33,12
13885,2024,472,-280,64,35,14
13890,2024,488,-288,57,37,14
13895,2016,448,-264,50,38,15
13900,2000,456,-288,46,38,13
13905,2024,440,-280,45,37,13
13910,2024,440,-288,45,37,14
13915,2032,472,-280,47,35,13
13920,2048,440,-288,49,34,11
13925,2040,440,-304,52,36,6
13930,2024,440,-280,57,41,3
13935,2032,440,-272,63,46,-1
13940,2016,472,-272,71,54,-2
13945,2040,440,-288,76,61,-3
13950,2032,456,-280,82,69,-2
13955,2008,440,-224,84,75,-3
13960,2016,440,-256,86,84,-3
13965,2008,448,-272,86,92,-3
13970,2008,480,-224,84,102,-4
13975,2016,456,-240,79,106,-5
13980,2008,456,-256,73,104,-4
13985,2008,480,-240,67,100,-6
13990,2024,456,-232,62,93,-4
13995,2040,488,-248,61,87,-3
14000,2024,448,-248,58,78,-4
14005,2008,472,-280,58,72,-4
14010,2016,496,-256,56,65,-5
14015,2032,464,-224,53,61,-4
14020,2048,456,-216,52,57,-6
14025,2024,456,-224,51,53,-8
14030,2008,472,-216,51,47,-9
14035,2008,464,-208,51,41,-8
14040,2016,472,-192,54,37,-6
14045,2016,456,-216,56,32,-5
14050,2016,440,-200,54,28,-4
14055,1992,504,-224,55,25,-2
14060,2040,456,-176,56,24,-2
14065,1992,448,-232,57,20,-5
14070,2008,464,-208,60,18,-9
14075,1992,448,-240,62,18,-13
14080,2000,448,-224,62,20,-18
14085,2016,464,-240,62,22,-22
14090,2008,456,-240,61,28,-24
14095,2024,456,-248,62,32,-26
14100,2000,488,-248,61,33,-26
14105,2040,480,-208,60,34,-26
14110,2016,456,-248,62,35,-24
14115,2080,464,-232,64,34,-21
14120,2016,456,-216,68,31,-17
14125,2016,480,-240,73,29,-14
14130,2016,480,-224,76,27,-10
14135,2016,456,-208,79,24,-7
14140,2024,456,-224,79,20,-5
14145,2016,464,-248,78,13,-6
14150,2016,480,-200,77,8,-5
14155,2008,456,-208,76,1,-7
14160,1992,440,-216,75,-2,-8
14165,1984,496,-224,76,-4,-9
14170,2008,448,-184,78,-6,-11
14175,2000,480,-232,81,-7,-10
14180,2000,488,-232,86,-6,-9
14185,1992,480,-224,90,-6,-8
14190,1984,480,-224,94,-7,-7
14195,2016,480,-232,94,-7,-5
14200,2000,496,-216,96,-6,-3
14205,2008,496,-240,93,-5,-2
14210,2000,504,-248,88,-4,-2
14215,1992,488,-240,83,-4,0
14220,2032,480,-224,76,-5,2
14225,2032,480,-248,70,-9,6
14230,2016,472,-232,65,-13,9
14235,2016,472,-224,62,-18,13
14240,2016,496,-208,63,-23,16
14245,1992,488,-208,66,-28,19
14250,2000,496,-216,71,-32,22
14255,2008,448,-232,75,-37,25
14260,1992,472,-224,79,-39,27
14265,2016,480,-216,83,-42,28
14270,2040,448,-208,85,-44,26
14275,2016,448,-216,86,-46,27
14280,2000,432,-272,86,-49,25
14285,2024,432,-232,85,-50,23
14290,2024,424,-216,85,-54,20
14295,2016,416,-272,87,-57,17
14300,2048,432,-272,90,-59,11
14305,2024,432,-240,92,-62,8
14310,2016,424,-240,98,-64,2
14315,1992,456,-280,100,-64,-3
14320,2000,416,-240,103,-64,-7
14325,1976,432,-248,105,-62,-11
14330,1992,416,-256,105,-61,-15
14335,2016,408,-224,105,-58,-17
14340,2000,448,-264,104,-56,-21
14345,2000,448,-240,102,-52,-25
14350,2008,440,-256,98,-47,-29
14355,2000,456,-264,96,-40,-31
14360,2008,440,-264,92,-34,-35
14365,2016,448,-288,88,-28,-36
14370,2032,448,-280,85,-23,-36
14375,2024,448,-272,81,-21,-36
14380,2032,432,-288,76,-20,-36
14385,2024,440,-304,71,-20,-36
14390,2000,464,-280,68,-20,-33
14395,2024,472,-280,67,-21,-32
14400,2040,472,-280,65,-24,-30
14405,2024,472,-264,63,-28,-29
14410,2016,472,-280,63,-31,-27
14415,2016,456,-288,62,-34,-25
14420,2024,448,-280,58,-37,-24
14425,2008,472,-296,55,-37,-25
14430,2016,472,-256,53,-37,-26
14435,2024,488,-264,49,-35,-27
14440,2032,496,-272,44,-31,-28
14445,2048,464,-280,41,-28,-27
14450,2016,448,-320,39,-22,-27
14455,2032,448,-288,35,-17,-24
14460,2016,472,-304,35,-12,-23
14465,2024,480,-296,36,-9,-21
14470,2024,456,-296,39,-7,-17
14475,2032,456,-288,43,-5,-18
14480,2008,456,-296,45,-3,-20
14485,2024,488,-288,48,1,-20
14490,2016,472,-296,47,6,-21
14495,2024,464,-280,47,13,-21
14500,2024,488,-304,45,22,-23
14505,2008,496,-296,40,29,-22
14510,2024,472,-320,36,37,-19
14515,2008,488,-272,33,41,-16
14520,2016,480,-280,28,44,-11
14525,2024,496,-264,21,47,-5
14530,2000,472,-264,16,48,0
14535,1992,464,-232,9,46,3
14540,2016,456,-248,0,41,5
14545,2000,464,-256,-11,36,5
14550,2000,464,-264,-22,28,5
14555,1992,496,-248,-30,21,4
14560,2000,464,-224,-35,18,4
14565,1984,488,-264,-37,12,5
14570,2008,464,-256,-38,11,4
14575,2008,504,-240,-37,8,5
14580,2016,464,-240,-34,5,7
14585,2008,472,-232,-35,4,7
14590,2040,440,-232,-38,2,8
14595,2016,456,-248,-41,-1,10
14600,2032,448,-264,-43,-3,11
14605,2024,448,-256,-42,-5,12
14610,2040,472,-272,-39,-8,14
14615,2032,448,-304,-31,-8,16
14620,2040,440,-256,-22,-8,16
14625,2032,432,-264,-11,-9,20
14630,2016,464,-272,-7,-8,19
14635,2024,456,-256,0,-7,19
14640,2016,448,-256,5,-8,16
14645,1976,456,-216,11,-9,17
14650,2008,472,-240,14,-10,16
14655,2008,456,-200,18,-12,16
14660,1960,488,-232,17,-15,15
14665,2024,472,-248,15,-18,14
14670,2008,480,-240,11,-19,13
14675,1992,448,-240,5,-23,14
14680,2016,456,-296,2,-26,14
14685,2000,448,-248,1,-28,14
14690,2000,464,-232,-5,-28,12
14695,2008,448,-256,-8,-26,12
14700,2016,432,-248,-9,-26,13
14705,2016,416,-280,-11,-26,14
14710,2008,440,-272,-13,-25,12
14715,2024,432,-192,-15,-25,9
14720,2032,432,-296,-14,-24,7
14725,2016,440,-296,-12,-24,5
14730,2016,464,-272,-5,-24,3
14735,2016,448,-288,1,-24,2
14740,2016,448,-304,4,-22,0
14745,2016,440,-320,7,-20,-2
14750,2024,440,-288,11,-18,-4
14755,2024,416,-296,15,-15,-5
14760,2024,440,-240,16,-10,-4
14765,2032,440,-304,18,-8,-4
14770,2016,448,-248,18,-6,-3
14775,2024,424,-288,18,-3,-5
14780,2016,432,-280,17,-3,-6
14785,2008,432,-288,18,-1,-7
14790,2008,424,-256,17,-3,-9
14795,2000,440,-248,18,-5,-11
14800,2008,456,-248,21,-5,-16
14805,2008,456,-232,20,-6,-19
14810,2008,432,-280,18,-8,-22
14815,1992,472,-288,18,-8,-22
14820,1984,464,-280,16,-9,-24
14825,2072,480,-296,12,-10,-24
14830,2008,464,-240,7,-11,-24
14835,1992,472,-248,2,-12,-24
14840,2008,456,-272,-1,-14,-24
14845,2000,456,-248,-5,-15,-24
14850,2016,464,-280,-8,-15,-21
14855,2008,488,-304,-11,-17,-22
14860,2024,480,-288,-12,-17,-20
14865,2032,456,-288,-14,-15,-18
14870,2024,464,-296,-17,-14,-15
14875,2040,448,-272,-18,-13,-12
14880,2056,480,-304,-18,-11,-10
14885,2024,456,-304,-15,-10,-7
14890,2024,448,-280,-11,-9,-6
14895,2040,464,-320,-7,-9,-4
14900,2040,456,-280,-6,-11,-2
14905,2024,456,-264,-3,-10,0
14910,2016,488,-280,-2,-12,2
14915,2056,424,-320,0,-13,3
14920,2024,440,-304,4,-13,2
14925,2016,448,-296,7,-14,4
14930,2032,432,-272,12,-13,2
14935,2016,440,-248,17,-11,0
14940,1984,472,-272,20,-9,-2
14945,2008,456,-264,24,-7,-3
14950,1992,464,-280,25,-5,-5
14955,1992,472,-280,24,-4,-4
14960,2016,440,-288,26,-2,-3
14965,2032,448,-288,28,0,-2
14970,2008,448,-224,29,3,-3
14975,2016,432,-272,32,2,-3
14980,2016,456,-272,37,5,-2
14985,2000,448,-304,41,7,-5
14990,2024,440,-280,46,10,-7
14995,2000,472,-296,51,13,-10
